name,facility_type,osm_type,osm_id,source,retrieved
Mur d'escalade,climbing_area,node,301672999,OpenStreetMap (Overpass),2026-08-25
UCPA Base de Loisirs,trail_information_point,node,462122715,OpenStreetMap (Overpass),2026-08-25
,trail_information_point,node,932612929,OpenStreetMap (Overpass),2026-08-25
Le Bon-Saint-Jacques,trail_information_point,node,991750095,OpenStreetMap (Overpass),2026-08-25
Prairie Clemenceau,trail_information_point,node,1190988113,OpenStreetMap (Overpass),2026-08-25
,trail_information_point,node,1222852337,OpenStreetMap (Overpass),2026-08-25
,trail_information_point,node,1222852377,OpenStreetMap (Overpass),2026-08-25
,trail_information_point,node,1343289654,OpenStreetMap (Overpass),2026-08-25
Apremont,climbing_area,node,1345298688,OpenStreetMap (Overpass),2026-08-25
"Sisley, Cour Commune des Sablons",trail_information_point,node,1619237380,OpenStreetMap (Overpass),2026-08-25
L'église Notre-Dame et les halles,trail_information_point,node,1665852706,OpenStreetMap (Overpass),2026-08-25
,trail_information_point,node,1690105463,OpenStreetMap (Overpass),2026-08-25
,trail_information_point,node,1707166511,OpenStreetMap (Overpass),2026-08-25
Sisley,trail_information_point,node,1707306012,OpenStreetMap (Overpass),2026-08-25
,trail_information_point,node,1729287397,OpenStreetMap (Overpass),2026-08-25
,trail_information_point,node,1834544911,OpenStreetMap (Overpass),2026-08-25
,trail_information_point,node,2147129037,OpenStreetMap (Overpass),2026-08-25
,trail_information_point,node,2309842201,OpenStreetMap (Overpass),2026-08-25
,trail_information_point,node,2309842202,OpenStreetMap (Overpass),2026-08-25
Centre pédagogique Forestier de Fontainebleau,trail_information_point,node,2309842265,OpenStreetMap (Overpass),2026-08-25
Mont Aigu,climbing_area,node,2309849227,OpenStreetMap (Overpass),2026-08-25
,trail_information_point,node,2538105567,OpenStreetMap (Overpass),2026-08-25
,trail_information_point,node,2550292425,OpenStreetMap (Overpass),2026-08-25
Bas Cuvier,climbing_area,node,2550313461,OpenStreetMap (Overpass),2026-08-25
,trail_information_point,node,2559289706,OpenStreetMap (Overpass),2026-08-25
Affichage Libre,trail_information_point,node,2564293604,OpenStreetMap (Overpass),2026-08-25
Aire de la Guette,parking,node,2609496212,OpenStreetMap (Overpass),2026-08-25
,trail_information_point,node,2681842702,OpenStreetMap (Overpass),2026-08-25
,trail_information_point,node,2681842711,OpenStreetMap (Overpass),2026-08-25
,trail_information_point,node,2681842734,OpenStreetMap (Overpass),2026-08-25
,trail_information_point,node,2681842759,OpenStreetMap (Overpass),2026-08-25
,trail_information_point,node,2681842770,OpenStreetMap (Overpass),2026-08-25
,trail_information_point,node,2681842795,OpenStreetMap (Overpass),2026-08-25
,trail_information_point,node,2681853809,OpenStreetMap (Overpass),2026-08-25
,trail_information_point,node,2681871335,OpenStreetMap (Overpass),2026-08-25
,trail_information_point,node,2681871336,OpenStreetMap (Overpass),2026-08-25
,trail_information_point,node,2681871358,OpenStreetMap (Overpass),2026-08-25
,trail_information_point,node,2681871361,OpenStreetMap (Overpass),2026-08-25
,trail_information_point,node,2681871370,OpenStreetMap (Overpass),2026-08-25
,trail_information_point,node,2681909879,OpenStreetMap (Overpass),2026-08-25
,trail_information_point,node,2681909887,OpenStreetMap (Overpass),2026-08-25
,trail_information_point,node,2681909890,OpenStreetMap (Overpass),2026-08-25
,trail_information_point,node,2681909903,OpenStreetMap (Overpass),2026-08-25
,trail_information_point,node,2682364274,OpenStreetMap (Overpass),2026-08-25
,trail_information_point,node,2682364280,OpenStreetMap (Overpass),2026-08-25
,trail_information_point,node,2682364330,OpenStreetMap (Overpass),2026-08-25
,trail_information_point,node,2682630048,OpenStreetMap (Overpass),2026-08-25
,trail_information_point,node,2682630117,OpenStreetMap (Overpass),2026-08-25
,trail_information_point,node,2682630181,OpenStreetMap (Overpass),2026-08-25
,trail_information_point,node,2683173793,OpenStreetMap (Overpass),2026-08-25
,trail_information_point,node,2683173848,OpenStreetMap (Overpass),2026-08-25
,trail_information_point,node,2683423220,OpenStreetMap (Overpass),2026-08-25
,trail_information_point,node,2683423236,OpenStreetMap (Overpass),2026-08-25
,trail_information_point,node,2683774285,OpenStreetMap (Overpass),2026-08-25
,trail_information_point,node,2683774397,OpenStreetMap (Overpass),2026-08-25
,trail_information_point,node,2724272746,OpenStreetMap (Overpass),2026-08-25
,trail_information_point,node,2725897798,OpenStreetMap (Overpass),2026-08-25
,trail_information_point,node,2725897803,OpenStreetMap (Overpass),2026-08-25
,trail_information_point,node,2725897804,OpenStreetMap (Overpass),2026-08-25
,trail_information_point,node,2725932391,OpenStreetMap (Overpass),2026-08-25
,trail_information_point,node,2725932405,OpenStreetMap (Overpass),2026-08-25
,trail_information_point,node,2725932427,OpenStreetMap (Overpass),2026-08-25
Sisley,trail_information_point,node,2789864966,OpenStreetMap (Overpass),2026-08-25
,trail_information_point,node,2791194325,OpenStreetMap (Overpass),2026-08-25
,trail_information_point,node,2791383028,OpenStreetMap (Overpass),2026-08-25
,trail_information_point,node,2791383036,OpenStreetMap (Overpass),2026-08-25
,trail_information_point,node,2791383109,OpenStreetMap (Overpass),2026-08-25
,trail_information_point,node,2791383116,OpenStreetMap (Overpass),2026-08-25
Rocher Saint-Germain Est,climbing_area,node,2895047006,OpenStreetMap (Overpass),2026-08-25
,trail_information_point,node,2984424875,OpenStreetMap (Overpass),2026-08-25
Hôtel Victoria,parking,node,3208266467,OpenStreetMap (Overpass),2026-08-25
,trail_information_point,node,3401356062,OpenStreetMap (Overpass),2026-08-25
,trail_information_point,node,3536699894,OpenStreetMap (Overpass),2026-08-25
Le temple protestant,trail_information_point,node,3626622184,OpenStreetMap (Overpass),2026-08-25
,trail_information_point,node,3626684009,OpenStreetMap (Overpass),2026-08-25
Apremont Butte aux Dames,climbing_area,node,3642983597,OpenStreetMap (Overpass),2026-08-25
,trail_information_point,node,3925280451,OpenStreetMap (Overpass),2026-08-25
,trail_information_point,node,3928523257,OpenStreetMap (Overpass),2026-08-25
,trail_information_point,node,3931178244,OpenStreetMap (Overpass),2026-08-25
Place de la Mairie,parking,node,4758017185,OpenStreetMap (Overpass),2026-08-25
Rocher d'Avon,climbing_area,node,4773740221,OpenStreetMap (Overpass),2026-08-25
Le Moulin Provencher,trail_information_point,node,4841677221,OpenStreetMap (Overpass),2026-08-25
L'harmonie contradictoire,trail_information_point,node,4841677223,OpenStreetMap (Overpass),2026-08-25
Cuisinière Crête Sud,climbing_area,node,4925771199,OpenStreetMap (Overpass),2026-08-25
Franchard Hautes Plaines,climbing_area,node,4925771200,OpenStreetMap (Overpass),2026-08-25
Franchard Meyer,climbing_area,node,4925771201,OpenStreetMap (Overpass),2026-08-25
Franchard Isatis,climbing_area,node,4925771202,OpenStreetMap (Overpass),2026-08-25
Carriers,climbing_area,node,4925771203,OpenStreetMap (Overpass),2026-08-25
Franchard Sablons,climbing_area,node,4925771204,OpenStreetMap (Overpass),2026-08-25
La Reconnaissance,climbing_area,node,4925807369,OpenStreetMap (Overpass),2026-08-25
Cuvier Ouest,climbing_area,node,4925807370,OpenStreetMap (Overpass),2026-08-25
Cuvier Rempart,climbing_area,node,4925807371,OpenStreetMap (Overpass),2026-08-25
La Mare à Piat,climbing_area,node,4925818371,OpenStreetMap (Overpass),2026-08-25
Rocher de la Salamandre,climbing_area,node,4925883863,OpenStreetMap (Overpass),2026-08-25
Gorges du Houx,climbing_area,node,4925883864,OpenStreetMap (Overpass),2026-08-25
Rocher des Demoiselles,climbing_area,node,4925949596,OpenStreetMap (Overpass),2026-08-25
Rocher de Bouligny,climbing_area,node,4925949597,OpenStreetMap (Overpass),2026-08-25
Rocher d'Avon Ouest,climbing_area,node,4925949598,OpenStreetMap (Overpass),2026-08-25
Rocher des Étroitures,climbing_area,node,4926151721,OpenStreetMap (Overpass),2026-08-25
Restant du Long Rocher,climbing_area,node,4926151722,OpenStreetMap (Overpass),2026-08-25
Rocher de Corne-Biche,climbing_area,node,4926151841,OpenStreetMap (Overpass),2026-08-25
Bois Rond,climbing_area,node,4926151842,OpenStreetMap (Overpass),2026-08-25
Rocher de la Petite Reine,climbing_area,node,4926151850,OpenStreetMap (Overpass),2026-08-25
Drei Zinnen,climbing_area,node,4926151852,OpenStreetMap (Overpass),2026-08-25
Rocher de la Reine,climbing_area,node,4926151854,OpenStreetMap (Overpass),2026-08-25
Marion des Roches,climbing_area,node,4926160427,OpenStreetMap (Overpass),2026-08-25
Apremont Bizons,climbing_area,node,4926219281,OpenStreetMap (Overpass),2026-08-25
Apremont Envers,climbing_area,node,4926219282,OpenStreetMap (Overpass),2026-08-25
Apremont Désert,climbing_area,node,4926219283,OpenStreetMap (Overpass),2026-08-25
Apremont Ouest,climbing_area,node,4926225638,OpenStreetMap (Overpass),2026-08-25
Vallée Chaude,climbing_area,node,4926323171,OpenStreetMap (Overpass),2026-08-25
Le 111,climbing_area,node,4926323175,OpenStreetMap (Overpass),2026-08-25
Grande Montagne,climbing_area,node,4926323177,OpenStreetMap (Overpass),2026-08-25
Roche d'Hercule,climbing_area,node,4926364225,OpenStreetMap (Overpass),2026-08-25
Cassepot Roches Oranges,climbing_area,node,4926364226,OpenStreetMap (Overpass),2026-08-25
Cassepot Roches Grises,climbing_area,node,4926364227,OpenStreetMap (Overpass),2026-08-25
Cassepot Roches Roses,climbing_area,node,4926364228,OpenStreetMap (Overpass),2026-08-25
Mont Ussy,climbing_area,node,4926364229,OpenStreetMap (Overpass),2026-08-25
Rocher du Mont Morillon,climbing_area,node,4926364643,OpenStreetMap (Overpass),2026-08-25
Rocher de la Salamandre Est,climbing_area,node,4926377507,OpenStreetMap (Overpass),2026-08-25
Panneau d'inauguration de la Place de la République,trail_information_point,node,5031303411,OpenStreetMap (Overpass),2026-08-25
,trail_information_point,node,5650165232,OpenStreetMap (Overpass),2026-08-25
,trail_information_point,node,5650165233,OpenStreetMap (Overpass),2026-08-25
,trail_information_point,node,6145459348,OpenStreetMap (Overpass),2026-08-25
,trail_information_point,node,6625044045,OpenStreetMap (Overpass),2026-08-25
Office de Tourisme de Fontainebleau,trail_information_point,node,7080401661,OpenStreetMap (Overpass),2026-08-25
Sisley,trail_information_point,node,7505846216,OpenStreetMap (Overpass),2026-08-25
,trail_information_point,node,7904136020,OpenStreetMap (Overpass),2026-08-25
Questions aux forestiers,trail_information_point,node,7907881085,OpenStreetMap (Overpass),2026-08-25
Barrage à Aiguilles,trail_information_point,node,7981906751,OpenStreetMap (Overpass),2026-08-25
,trail_information_point,node,8119358359,OpenStreetMap (Overpass),2026-08-25
2 - Jardin de Diane,trail_information_point,node,8142619227,OpenStreetMap (Overpass),2026-08-25
Les Long Sillons,trail_information_point,node,8295826056,OpenStreetMap (Overpass),2026-08-25
,trail_information_point,node,8315903367,OpenStreetMap (Overpass),2026-08-25
,trail_information_point,node,8384642730,OpenStreetMap (Overpass),2026-08-25
,trail_information_point,node,8384642731,OpenStreetMap (Overpass),2026-08-25
,trail_information_point,node,8384642732,OpenStreetMap (Overpass),2026-08-25
,trail_information_point,node,9167731882,OpenStreetMap (Overpass),2026-08-25
J'aime la forêt,trail_information_point,node,9167731883,OpenStreetMap (Overpass),2026-08-25
,trail_information_point,node,9167731884,OpenStreetMap (Overpass),2026-08-25
,trail_information_point,node,9167732833,OpenStreetMap (Overpass),2026-08-25
,trail_information_point,node,9167732834,OpenStreetMap (Overpass),2026-08-25
,trail_information_point,node,9221112587,OpenStreetMap (Overpass),2026-08-25
,trail_information_point,node,9300074317,OpenStreetMap (Overpass),2026-08-25
,trail_information_point,node,9303816541,OpenStreetMap (Overpass),2026-08-25
Sentier de Recloses,trail_information_point,node,9341200705,OpenStreetMap (Overpass),2026-08-25
,trail_information_point,node,9418045725,OpenStreetMap (Overpass),2026-08-25
Le Pont,trail_information_point,node,9452558500,OpenStreetMap (Overpass),2026-08-25
,trail_information_point,node,9465853257,OpenStreetMap (Overpass),2026-08-25
,trail_information_point,node,9471365664,OpenStreetMap (Overpass),2026-08-25
,trail_information_point,node,9486965351,OpenStreetMap (Overpass),2026-08-25
Une ville médiévale fortifiée,trail_information_point,node,9486987108,OpenStreetMap (Overpass),2026-08-25
,trail_information_point,node,9490253164,OpenStreetMap (Overpass),2026-08-25
,trail_information_point,node,9533191772,OpenStreetMap (Overpass),2026-08-25
,trail_information_point,node,9535373596,OpenStreetMap (Overpass),2026-08-25
,trail_information_point,node,9607366754,OpenStreetMap (Overpass),2026-08-25
,trail_information_point,node,9607366759,OpenStreetMap (Overpass),2026-08-25
,trail_information_point,node,9692514088,OpenStreetMap (Overpass),2026-08-25
,trail_information_point,node,9692594175,OpenStreetMap (Overpass),2026-08-25
Site Arbor&Sens,trail_information_point,node,9741432712,OpenStreetMap (Overpass),2026-08-25
,trail_information_point,node,9789976034,OpenStreetMap (Overpass),2026-08-25
,trail_information_point,node,9852879221,OpenStreetMap (Overpass),2026-08-25
,trail_information_point,node,9852879222,OpenStreetMap (Overpass),2026-08-25
,trail_information_point,node,9874135588,OpenStreetMap (Overpass),2026-08-25
,trail_information_point,node,9874135599,OpenStreetMap (Overpass),2026-08-25
,trail_information_point,node,9874135607,OpenStreetMap (Overpass),2026-08-25
,trail_information_point,node,9874135608,OpenStreetMap (Overpass),2026-08-25
,trail_information_point,node,9874135610,OpenStreetMap (Overpass),2026-08-25
,trail_information_point,node,9874135818,OpenStreetMap (Overpass),2026-08-25
,trail_information_point,node,9874135820,OpenStreetMap (Overpass),2026-08-25
,trail_information_point,node,9874135821,OpenStreetMap (Overpass),2026-08-25
,trail_information_point,node,9885530546,OpenStreetMap (Overpass),2026-08-25
,trail_information_point,node,9885530561,OpenStreetMap (Overpass),2026-08-25
,trail_information_point,node,9885530562,OpenStreetMap (Overpass),2026-08-25
,trail_information_point,node,9885530571,OpenStreetMap (Overpass),2026-08-25
,trail_information_point,node,9885530572,OpenStreetMap (Overpass),2026-08-25
,trail_information_point,node,9885530590,OpenStreetMap (Overpass),2026-08-25
,trail_information_point,node,9885530592,OpenStreetMap (Overpass),2026-08-25
,trail_information_point,node,9885530593,OpenStreetMap (Overpass),2026-08-25
,trail_information_point,node,9885560420,OpenStreetMap (Overpass),2026-08-25
,trail_information_point,node,9885560469,OpenStreetMap (Overpass),2026-08-25
,trail_information_point,node,9885560484,OpenStreetMap (Overpass),2026-08-25
,trail_information_point,node,9885560495,OpenStreetMap (Overpass),2026-08-25
,trail_information_point,node,9885560496,OpenStreetMap (Overpass),2026-08-25
,trail_information_point,node,9885560500,OpenStreetMap (Overpass),2026-08-25
,trail_information_point,node,9890060081,OpenStreetMap (Overpass),2026-08-25
,trail_information_point,node,9890060088,OpenStreetMap (Overpass),2026-08-25
,trail_information_point,node,9891646764,OpenStreetMap (Overpass),2026-08-25
,trail_information_point,node,9891646769,OpenStreetMap (Overpass),2026-08-25
,trail_information_point,node,9895500513,OpenStreetMap (Overpass),2026-08-25
,trail_information_point,node,9895559138,OpenStreetMap (Overpass),2026-08-25
,trail_information_point,node,9895559140,OpenStreetMap (Overpass),2026-08-25
,trail_information_point,node,9895559141,OpenStreetMap (Overpass),2026-08-25
,trail_information_point,node,9895559164,OpenStreetMap (Overpass),2026-08-25
,trail_information_point,node,9895559165,OpenStreetMap (Overpass),2026-08-25
,trail_information_point,node,9895559171,OpenStreetMap (Overpass),2026-08-25
,trail_information_point,node,9895559172,OpenStreetMap (Overpass),2026-08-25
,trail_information_point,node,9895559179,OpenStreetMap (Overpass),2026-08-25
,trail_information_point,node,9895559194,OpenStreetMap (Overpass),2026-08-25
,trail_information_point,node,9895559195,OpenStreetMap (Overpass),2026-08-25
,trail_information_point,node,9895559196,OpenStreetMap (Overpass),2026-08-25
,trail_information_point,node,9895559197,OpenStreetMap (Overpass),2026-08-25
,trail_information_point,node,9895559208,OpenStreetMap (Overpass),2026-08-25
,trail_information_point,node,9895559211,OpenStreetMap (Overpass),2026-08-25
,trail_information_point,node,9895559228,OpenStreetMap (Overpass),2026-08-25
,trail_information_point,node,9895559235,OpenStreetMap (Overpass),2026-08-25
,trail_information_point,node,9895559240,OpenStreetMap (Overpass),2026-08-25
,trail_information_point,node,9895559241,OpenStreetMap (Overpass),2026-08-25
,trail_information_point,node,9895559243,OpenStreetMap (Overpass),2026-08-25
,trail_information_point,node,9895559248,OpenStreetMap (Overpass),2026-08-25
,trail_information_point,node,9895559249,OpenStreetMap (Overpass),2026-08-25
,trail_information_point,node,9895559251,OpenStreetMap (Overpass),2026-08-25
,trail_information_point,node,9895559276,OpenStreetMap (Overpass),2026-08-25
,trail_information_point,node,9895559277,OpenStreetMap (Overpass),2026-08-25
,trail_information_point,node,9895559278,OpenStreetMap (Overpass),2026-08-25
,trail_information_point,node,9895559279,OpenStreetMap (Overpass),2026-08-25
,trail_information_point,node,9895559280,OpenStreetMap (Overpass),2026-08-25
,trail_information_point,node,9900135996,OpenStreetMap (Overpass),2026-08-25
Tour Denecourt,trail_information_point,node,9937580364,OpenStreetMap (Overpass),2026-08-25
Le Calvaire,climbing_area,node,10114850684,OpenStreetMap (Overpass),2026-08-25
,trail_information_point,node,10157536675,OpenStreetMap (Overpass),2026-08-25
,trail_information_point,node,10157691636,OpenStreetMap (Overpass),2026-08-25
,trail_information_point,node,10204740062,OpenStreetMap (Overpass),2026-08-25
,trail_information_point,node,10223689115,OpenStreetMap (Overpass),2026-08-25
,trail_information_point,node,10223694017,OpenStreetMap (Overpass),2026-08-25
Le chemin des coureurs,trail_information_point,node,10223694018,OpenStreetMap (Overpass),2026-08-25
,trail_information_point,node,10223694020,OpenStreetMap (Overpass),2026-08-25
Au pays des mille balises,trail_information_point,node,10223694021,OpenStreetMap (Overpass),2026-08-25
Découvrir la forêt autour du cabaret Masson,trail_information_point,node,10223694022,OpenStreetMap (Overpass),2026-08-25
,trail_information_point,node,10223694023,OpenStreetMap (Overpass),2026-08-25
,trail_information_point,node,10223694025,OpenStreetMap (Overpass),2026-08-25
réserve naturelle dirigée,trail_information_point,node,10223694027,OpenStreetMap (Overpass),2026-08-25
,trail_information_point,node,10223694028,OpenStreetMap (Overpass),2026-08-25
Bivouac de la Faisanderie,trail_information_point,node,10224380425,OpenStreetMap (Overpass),2026-08-25
,trail_information_point,node,10289625938,OpenStreetMap (Overpass),2026-08-25
,trail_information_point,node,10612380731,OpenStreetMap (Overpass),2026-08-25
,trail_information_point,node,10633862260,OpenStreetMap (Overpass),2026-08-25
,trail_information_point,node,10647394405,OpenStreetMap (Overpass),2026-08-25
,trail_information_point,node,10754447346,OpenStreetMap (Overpass),2026-08-25
,trail_information_point,node,10763488473,OpenStreetMap (Overpass),2026-08-25
,trail_information_point,node,10763767977,OpenStreetMap (Overpass),2026-08-25
,trail_information_point,node,10837195354,OpenStreetMap (Overpass),2026-08-25
,trail_information_point,node,10902743809,OpenStreetMap (Overpass),2026-08-25
Napoléon à Moret,trail_information_point,node,11179010995,OpenStreetMap (Overpass),2026-08-25
Les moulins,trail_information_point,node,11179010999,OpenStreetMap (Overpass),2026-08-25
La galerie de la maison Chabouillé,trail_information_point,node,11179011000,OpenStreetMap (Overpass),2026-08-25
,trail_information_point,node,11179011004,OpenStreetMap (Overpass),2026-08-25
La porte de Samois,trail_information_point,node,11179011005,OpenStreetMap (Overpass),2026-08-25
Les Façades de la Renaissance,trail_information_point,node,11179011011,OpenStreetMap (Overpass),2026-08-25
Franchard Raymond,climbing_area,node,11261610146,OpenStreetMap (Overpass),2026-08-25
Franchard Druides,climbing_area,node,11261610162,OpenStreetMap (Overpass),2026-08-25
Cuisinière Carnage,climbing_area,node,11261610163,OpenStreetMap (Overpass),2026-08-25
Rocher du Mauvais Passage,climbing_area,node,11265460449,OpenStreetMap (Overpass),2026-08-25
Restant du Long Rocher Ouest,climbing_area,node,11265460450,OpenStreetMap (Overpass),2026-08-25
Cuvier Camp de Chailly,climbing_area,node,11265460451,OpenStreetMap (Overpass),2026-08-25
Cuvier Bellevue,climbing_area,node,11265460452,OpenStreetMap (Overpass),2026-08-25
Touche aux Mulets,climbing_area,node,11265460456,OpenStreetMap (Overpass),2026-08-25
Restant du Long Rocher Sud,climbing_area,node,11265460457,OpenStreetMap (Overpass),2026-08-25
Long Boyau,climbing_area,node,11265460462,OpenStreetMap (Overpass),2026-08-25
Apremont Haut des Gorges,climbing_area,node,11265460463,OpenStreetMap (Overpass),2026-08-25
Vallée Ronde,climbing_area,node,11265460465,OpenStreetMap (Overpass),2026-08-25
Rocher Fourceau,climbing_area,node,11265502770,OpenStreetMap (Overpass),2026-08-25
Rocher de Bouligny Est,climbing_area,node,11265502772,OpenStreetMap (Overpass),2026-08-25
Rocher des Princes,climbing_area,node,11265502773,OpenStreetMap (Overpass),2026-08-25
Cuvier Merveille,climbing_area,node,11265502777,OpenStreetMap (Overpass),2026-08-25
Long Boyau Ouest,climbing_area,node,11265502778,OpenStreetMap (Overpass),2026-08-25
Rocher des Ventes Héron,climbing_area,node,11265502791,OpenStreetMap (Overpass),2026-08-25
Apremont Portes du Désert,climbing_area,node,11265502794,OpenStreetMap (Overpass),2026-08-25
Gorges du Houx Parjure,climbing_area,node,11265502795,OpenStreetMap (Overpass),2026-08-25
Gorge aux Merisiers,climbing_area,node,11265502798,OpenStreetMap (Overpass),2026-08-25
La Guette du Long Rocher,climbing_area,node,11265502800,OpenStreetMap (Overpass),2026-08-25
Rocher Brûlé,climbing_area,node,11265502801,OpenStreetMap (Overpass),2026-08-25
Rocher Saint-Germain Ouest,climbing_area,node,11265502802,OpenStreetMap (Overpass),2026-08-25
Rocher de Milly Est,climbing_area,node,11265502804,OpenStreetMap (Overpass),2026-08-25
Apremont Butte aux Peintres,climbing_area,node,11265502809,OpenStreetMap (Overpass),2026-08-25
Rocher d'Avon Est,climbing_area,node,11265502814,OpenStreetMap (Overpass),2026-08-25
Cuisinière,climbing_area,node,11265502818,OpenStreetMap (Overpass),2026-08-25
Mont Chauvet,climbing_area,node,11265502821,OpenStreetMap (Overpass),2026-08-25
Cuvier Est,climbing_area,node,11265502822,OpenStreetMap (Overpass),2026-08-25
Rocher de Milly,climbing_area,node,11265502825,OpenStreetMap (Overpass),2026-08-25
Apremont Marie-Thérèse,climbing_area,node,11265502826,OpenStreetMap (Overpass),2026-08-25
Le Calvaire Est,climbing_area,node,11265502828,OpenStreetMap (Overpass),2026-08-25
Rocher Canon Ouest,climbing_area,node,11265502831,OpenStreetMap (Overpass),2026-08-25
Franchard Basses Plaines,climbing_area,node,11265502839,OpenStreetMap (Overpass),2026-08-25
Apremont Milan,climbing_area,node,11265502840,OpenStreetMap (Overpass),2026-08-25
Tour Denecourt,climbing_area,node,11265502842,OpenStreetMap (Overpass),2026-08-25
Bois du Rocher,climbing_area,node,11265502845,OpenStreetMap (Overpass),2026-08-25
Apremont Vallon de Sully,climbing_area,node,11265502849,OpenStreetMap (Overpass),2026-08-25
Apremont Sanglier,climbing_area,node,11265502853,OpenStreetMap (Overpass),2026-08-25
Recloses Sud,climbing_area,node,11265502854,OpenStreetMap (Overpass),2026-08-25
Rocher Canon,climbing_area,node,11265502855,OpenStreetMap (Overpass),2026-08-25
Gorges du Houx Oiseaux de Proie,climbing_area,node,11265502856,OpenStreetMap (Overpass),2026-08-25
Rocher des Demoiselles Sud,climbing_area,node,11265502859,OpenStreetMap (Overpass),2026-08-25
Rocher Besnard,climbing_area,node,11265502862,OpenStreetMap (Overpass),2026-08-25
Bois Rond Le Moine,climbing_area,node,11265502864,OpenStreetMap (Overpass),2026-08-25
Recloses,climbing_area,node,11265502865,OpenStreetMap (Overpass),2026-08-25
Apremont Brûlis,climbing_area,node,11265502868,OpenStreetMap (Overpass),2026-08-25
Rocher des Mariniers,climbing_area,node,11265502869,OpenStreetMap (Overpass),2026-08-25
Franchard Sablons Carriers,climbing_area,node,11265502872,OpenStreetMap (Overpass),2026-08-25
Gorges du Houx Petit Paradis,climbing_area,node,11265502882,OpenStreetMap (Overpass),2026-08-25
Apremont Fond des Gorges,climbing_area,node,11265502885,OpenStreetMap (Overpass),2026-08-25
Rocher Saint-Germain Centre,climbing_area,node,11265502886,OpenStreetMap (Overpass),2026-08-25
Apremont Mare aux Biches,climbing_area,node,11265502890,OpenStreetMap (Overpass),2026-08-25
Apremont Belvédère,climbing_area,node,11265502892,OpenStreetMap (Overpass),2026-08-25
Apremont Est,climbing_area,node,11265502896,OpenStreetMap (Overpass),2026-08-25
Canche aux Merciers Anarchodrome,climbing_area,node,11265502898,OpenStreetMap (Overpass),2026-08-25
Apremont Vallon de la Solitude,climbing_area,node,11265502903,OpenStreetMap (Overpass),2026-08-25
Monts & Merveilles,climbing_area,node,11265502904,OpenStreetMap (Overpass),2026-08-25
Restant du Long Rocher Est,climbing_area,node,11265502906,OpenStreetMap (Overpass),2026-08-25
Gorges du Houx Rocher du Renard,climbing_area,node,11265502908,OpenStreetMap (Overpass),2026-08-25
Franchard Hauts Sablons,climbing_area,node,11265502910,OpenStreetMap (Overpass),2026-08-25
Rocher des Demoiselles Est,climbing_area,node,11265502911,OpenStreetMap (Overpass),2026-08-25
Bois Rond Auberge,climbing_area,node,11265502912,OpenStreetMap (Overpass),2026-08-25
Rocher de la Reine Nord,climbing_area,node,11265502913,OpenStreetMap (Overpass),2026-08-25
Cuvier Nord,climbing_area,node,11265502915,OpenStreetMap (Overpass),2026-08-25
Rocher de la Tortue,climbing_area,node,11265502916,OpenStreetMap (Overpass),2026-08-25
Petit Rempart,climbing_area,node,11265502918,OpenStreetMap (Overpass),2026-08-25
Apremont Buvette,climbing_area,node,11265502919,OpenStreetMap (Overpass),2026-08-25
Cuvier Sorcières,climbing_area,node,11265502921,OpenStreetMap (Overpass),2026-08-25
Franchard Point de Vue,climbing_area,node,11265502924,OpenStreetMap (Overpass),2026-08-25
,trail_information_point,node,11395781766,OpenStreetMap (Overpass),2026-08-25
,trail_information_point,node,11523291469,OpenStreetMap (Overpass),2026-08-25
,trail_information_point,node,12074936781,OpenStreetMap (Overpass),2026-08-25
,trail_information_point,node,12139957131,OpenStreetMap (Overpass),2026-08-25
,trail_information_point,node,12184649059,OpenStreetMap (Overpass),2026-08-25
,trail_information_point,node,12346044399,OpenStreetMap (Overpass),2026-08-25
,trail_information_point,node,12346095406,OpenStreetMap (Overpass),2026-08-25
,trail_information_point,node,12346095408,OpenStreetMap (Overpass),2026-08-25
Route René-Just Haüy,trail_information_point,node,12346095413,OpenStreetMap (Overpass),2026-08-25
,trail_information_point,node,12346095419,OpenStreetMap (Overpass),2026-08-25
,trail_information_point,node,12383297833,OpenStreetMap (Overpass),2026-08-25
Site Arbor&sens,trail_information_point,node,12405044820,OpenStreetMap (Overpass),2026-08-25
,trail_information_point,node,12433280457,OpenStreetMap (Overpass),2026-08-25
,trail_information_point,node,12433301818,OpenStreetMap (Overpass),2026-08-25
Domaine de Fontainebleau,trail_information_point,node,12443796607,OpenStreetMap (Overpass),2026-08-25
Porte rouge parc du château,trail_information_point,node,12449667113,OpenStreetMap (Overpass),2026-08-25
,trail_information_point,node,12641356803,OpenStreetMap (Overpass),2026-08-25
,trail_information_point,node,12772184258,OpenStreetMap (Overpass),2026-08-25
Thomery,trail_information_point,node,12779217245,OpenStreetMap (Overpass),2026-08-25
Buthiers,trail_information_point,node,12779217246,OpenStreetMap (Overpass),2026-08-25
,trail_information_point,node,12784339668,OpenStreetMap (Overpass),2026-08-25
,trail_information_point,node,12784339669,OpenStreetMap (Overpass),2026-08-25
,trail_information_point,node,12784339670,OpenStreetMap (Overpass),2026-08-25
,trail_information_point,node,12784339671,OpenStreetMap (Overpass),2026-08-25
,trail_information_point,node,12809732000,OpenStreetMap (Overpass),2026-08-25
,trail_information_point,node,12988233756,OpenStreetMap (Overpass),2026-08-25
,trail_information_point,node,12988242400,OpenStreetMap (Overpass),2026-08-25
,trail_information_point,node,13021559198,OpenStreetMap (Overpass),2026-08-25
,trail_information_point,node,13148236050,OpenStreetMap (Overpass),2026-08-25
,trail_information_point,node,13227600352,OpenStreetMap (Overpass),2026-08-25
,trail_information_point,node,13227652569,OpenStreetMap (Overpass),2026-08-25
,trail_information_point,node,13227678058,OpenStreetMap (Overpass),2026-08-25
,trail_information_point,node,13227680229,OpenStreetMap (Overpass),2026-08-25
,trail_information_point,node,13227687818,OpenStreetMap (Overpass),2026-08-25
,trail_information_point,node,13227707720,OpenStreetMap (Overpass),2026-08-25
,trail_information_point,node,13603539916,OpenStreetMap (Overpass),2026-08-25
Carrefour de la Belle Croix / D142,trail_information_point,node,13606454512,OpenStreetMap (Overpass),2026-08-25
,climbing_area,node,13608061569,OpenStreetMap (Overpass),2026-08-25
Ça Dérape Sec,climbing_area,node,13609713860,OpenStreetMap (Overpass),2026-08-25
,climbing_area,node,13609713861,OpenStreetMap (Overpass),2026-08-25
,climbing_area,node,13609713862,OpenStreetMap (Overpass),2026-08-25
,climbing_area,node,13609713863,OpenStreetMap (Overpass),2026-08-25
L'Abstinence,climbing_area,node,13609713864,OpenStreetMap (Overpass),2026-08-25
Maison au Cadran,trail_information_point,node,13611373285,OpenStreetMap (Overpass),2026-08-25
,trail_information_point,node,13706671437,OpenStreetMap (Overpass),2026-08-25
LE PONT DE GREZ-SUR-LOING par JEAN-BAPTISTE CAMILLE COROT,trail_information_point,node,13706671444,OpenStreetMap (Overpass),2026-08-25
Les Moulins à Tan,trail_information_point,node,13763550320,OpenStreetMap (Overpass),2026-08-25
La Porte De Bourgogne,trail_information_point,node,13763570872,OpenStreetMap (Overpass),2026-08-25
Le Donjon,trail_information_point,node,13763782329,OpenStreetMap (Overpass),2026-08-25
,trail_information_point,node,14011233223,OpenStreetMap (Overpass),2026-08-25
Fatale Issue,climbing_area,node,14041646987,OpenStreetMap (Overpass),2026-08-25
Blanc 40,climbing_area,node,14041646988,OpenStreetMap (Overpass),2026-08-25
Blanc 39,climbing_area,node,14041646989,OpenStreetMap (Overpass),2026-08-25
Blanc 37,climbing_area,node,14041646990,OpenStreetMap (Overpass),2026-08-25
Blanc 36,climbing_area,node,14041646991,OpenStreetMap (Overpass),2026-08-25
Blanc 35,climbing_area,node,14041646992,OpenStreetMap (Overpass),2026-08-25
Blanc 32,climbing_area,node,14041646993,OpenStreetMap (Overpass),2026-08-25
Blanc 31,climbing_area,node,14041646994,OpenStreetMap (Overpass),2026-08-25
Blanc 30,climbing_area,node,14041646995,OpenStreetMap (Overpass),2026-08-25
Blanc 29,climbing_area,node,14041646996,OpenStreetMap (Overpass),2026-08-25
Blanc 28,climbing_area,node,14041646997,OpenStreetMap (Overpass),2026-08-25
Blanc 27,climbing_area,node,14041646998,OpenStreetMap (Overpass),2026-08-25
Blanc 26,climbing_area,node,14041646999,OpenStreetMap (Overpass),2026-08-25
Blanc 25,climbing_area,node,14041647000,OpenStreetMap (Overpass),2026-08-25
Blanc 24,climbing_area,node,14041753401,OpenStreetMap (Overpass),2026-08-25
Blanc 23,climbing_area,node,14041753402,OpenStreetMap (Overpass),2026-08-25
Blanc 22,climbing_area,node,14041753403,OpenStreetMap (Overpass),2026-08-25
Blanc 21,climbing_area,node,14041753404,OpenStreetMap (Overpass),2026-08-25
Blanc 17,climbing_area,node,14041753405,OpenStreetMap (Overpass),2026-08-25
Blanc 16,climbing_area,node,14041753406,OpenStreetMap (Overpass),2026-08-25
Blanc 15,climbing_area,node,14041753407,OpenStreetMap (Overpass),2026-08-25
Blanc 14,climbing_area,node,14041753408,OpenStreetMap (Overpass),2026-08-25
Blanc 13,climbing_area,node,14041753409,OpenStreetMap (Overpass),2026-08-25
Blanc 12,climbing_area,node,14041753410,OpenStreetMap (Overpass),2026-08-25
Blanc 7,climbing_area,node,14041753411,OpenStreetMap (Overpass),2026-08-25
Blanc 5,climbing_area,node,14041753412,OpenStreetMap (Overpass),2026-08-25
Blanc 4 bis,climbing_area,node,14041753413,OpenStreetMap (Overpass),2026-08-25
Blanc 4,climbing_area,node,14041753414,OpenStreetMap (Overpass),2026-08-25
Blanc 3 bis,climbing_area,node,14041753415,OpenStreetMap (Overpass),2026-08-25
Blanc 3,climbing_area,node,14041753416,OpenStreetMap (Overpass),2026-08-25
Blanc 2,climbing_area,node,14041753417,OpenStreetMap (Overpass),2026-08-25
Blanc 1,climbing_area,node,14041753418,OpenStreetMap (Overpass),2026-08-25
Le Couloir (assis),climbing_area,node,14041753419,OpenStreetMap (Overpass),2026-08-25
L'Amiral (assis),climbing_area,node,14041753420,OpenStreetMap (Overpass),2026-08-25
L'Écartelé (assis),climbing_area,node,14041753421,OpenStreetMap (Overpass),2026-08-25
Incision,climbing_area,node,14041753422,OpenStreetMap (Overpass),2026-08-25
Violet 29 bis,climbing_area,node,14041753423,OpenStreetMap (Overpass),2026-08-25
L’Homme Qui ne Pensait Pas Trop (assis),climbing_area,node,14041753424,OpenStreetMap (Overpass),2026-08-25
L’Homme Qui ne Pensait Pas Trop,climbing_area,node,14041753425,OpenStreetMap (Overpass),2026-08-25
Vagabond des Limbes (du fond prolongé),climbing_area,node,14041753426,OpenStreetMap (Overpass),2026-08-25
Du Neuf avec de l'Ancien,climbing_area,node,14041753427,OpenStreetMap (Overpass),2026-08-25
Le Whist (assis),climbing_area,node,14041753428,OpenStreetMap (Overpass),2026-08-25
Magimix,climbing_area,node,14041753429,OpenStreetMap (Overpass),2026-08-25
L'Ancêtre,climbing_area,node,14041753430,OpenStreetMap (Overpass),2026-08-25
Mauvaise Foi (assis),climbing_area,node,14041753431,OpenStreetMap (Overpass),2026-08-25
Mauvaise Foi,climbing_area,node,14041753432,OpenStreetMap (Overpass),2026-08-25
Les Trois Lancers du Bengale,climbing_area,node,14041753433,OpenStreetMap (Overpass),2026-08-25
Cœur Vaillant,climbing_area,node,14041753434,OpenStreetMap (Overpass),2026-08-25
Blanc 38,climbing_area,node,14041753435,OpenStreetMap (Overpass),2026-08-25
L'Écartelé,climbing_area,node,14041753436,OpenStreetMap (Overpass),2026-08-25
Gainage et Écartèlement,climbing_area,node,14041753437,OpenStreetMap (Overpass),2026-08-25
Baobabab,climbing_area,node,14041753438,OpenStreetMap (Overpass),2026-08-25
Violet 8,climbing_area,node,14041753439,OpenStreetMap (Overpass),2026-08-25
La Mare (droite assis),climbing_area,node,14041753440,OpenStreetMap (Overpass),2026-08-25
La Mare (droite),climbing_area,node,14041753441,OpenStreetMap (Overpass),2026-08-25
Bout de Chou,climbing_area,node,14041753442,OpenStreetMap (Overpass),2026-08-25
Pyramide,climbing_area,node,14041753443,OpenStreetMap (Overpass),2026-08-25
Le Pilier du Fiel (gauche assis),climbing_area,node,14041753444,OpenStreetMap (Overpass),2026-08-25
Le Pilier du Fiel (gauche),climbing_area,node,14041753445,OpenStreetMap (Overpass),2026-08-25
Confortable,climbing_area,node,14041753446,OpenStreetMap (Overpass),2026-08-25
Le Pont Mirabeau,climbing_area,node,14041753447,OpenStreetMap (Overpass),2026-08-25
La Dame de Pique,climbing_area,node,14041753448,OpenStreetMap (Overpass),2026-08-25
Fissurette,climbing_area,node,14041753449,OpenStreetMap (Overpass),2026-08-25
Gavotte,climbing_area,node,14041753450,OpenStreetMap (Overpass),2026-08-25
Violet 38,climbing_area,node,14041753451,OpenStreetMap (Overpass),2026-08-25
Violet 37,climbing_area,node,14041753452,OpenStreetMap (Overpass),2026-08-25
Violet 36,climbing_area,node,14041753453,OpenStreetMap (Overpass),2026-08-25
Violet 35,climbing_area,node,14041753454,OpenStreetMap (Overpass),2026-08-25
Violet 34,climbing_area,node,14041753455,OpenStreetMap (Overpass),2026-08-25
Violet 33 bis,climbing_area,node,14041753456,OpenStreetMap (Overpass),2026-08-25
Violet 33,climbing_area,node,14041753457,OpenStreetMap (Overpass),2026-08-25
Violet 32 bis,climbing_area,node,14041753458,OpenStreetMap (Overpass),2026-08-25
Violet 32,climbing_area,node,14041753459,OpenStreetMap (Overpass),2026-08-25
Violet 31,climbing_area,node,14041753460,OpenStreetMap (Overpass),2026-08-25
Violet 30,climbing_area,node,14041753461,OpenStreetMap (Overpass),2026-08-25
Violet 29,climbing_area,node,14041753462,OpenStreetMap (Overpass),2026-08-25
Violet 28,climbing_area,node,14041753463,OpenStreetMap (Overpass),2026-08-25
Violet 27,climbing_area,node,14041753464,OpenStreetMap (Overpass),2026-08-25
Violet 26,climbing_area,node,14041753465,OpenStreetMap (Overpass),2026-08-25
Violet 25,climbing_area,node,14041753466,OpenStreetMap (Overpass),2026-08-25
Violet 24 bis,climbing_area,node,14041753467,OpenStreetMap (Overpass),2026-08-25
Orange 13,climbing_area,node,14041753468,OpenStreetMap (Overpass),2026-08-25
Violet 24,climbing_area,node,14041753469,OpenStreetMap (Overpass),2026-08-25
Violet 23,climbing_area,node,14041753470,OpenStreetMap (Overpass),2026-08-25
Violet 22,climbing_area,node,14041753471,OpenStreetMap (Overpass),2026-08-25
Violet 21,climbing_area,node,14041753472,OpenStreetMap (Overpass),2026-08-25
Violet 20,climbing_area,node,14041753473,OpenStreetMap (Overpass),2026-08-25
Violet 19 bis,climbing_area,node,14041753474,OpenStreetMap (Overpass),2026-08-25
Violet 19,climbing_area,node,14041753475,OpenStreetMap (Overpass),2026-08-25
Violet 18 bis,climbing_area,node,14041753476,OpenStreetMap (Overpass),2026-08-25
Violet 18,climbing_area,node,14041753477,OpenStreetMap (Overpass),2026-08-25
Violet 17 bis,climbing_area,node,14041753478,OpenStreetMap (Overpass),2026-08-25
Violet 17,climbing_area,node,14041753479,OpenStreetMap (Overpass),2026-08-25
Violet 16,climbing_area,node,14041753480,OpenStreetMap (Overpass),2026-08-25
Violet 15,climbing_area,node,14041753481,OpenStreetMap (Overpass),2026-08-25
Violet 14 bis,climbing_area,node,14041753482,OpenStreetMap (Overpass),2026-08-25
Violet 14,climbing_area,node,14041753483,OpenStreetMap (Overpass),2026-08-25
Violet 13,climbing_area,node,14041753484,OpenStreetMap (Overpass),2026-08-25
Violet 12,climbing_area,node,14041753485,OpenStreetMap (Overpass),2026-08-25
Violet 11,climbing_area,node,14041753486,OpenStreetMap (Overpass),2026-08-25
Violet 10 bis,climbing_area,node,14041753487,OpenStreetMap (Overpass),2026-08-25
Violet 10,climbing_area,node,14041753488,OpenStreetMap (Overpass),2026-08-25
Violet 9,climbing_area,node,14041753489,OpenStreetMap (Overpass),2026-08-25
Violet 7,climbing_area,node,14041753490,OpenStreetMap (Overpass),2026-08-25
Violet 6,climbing_area,node,14041753491,OpenStreetMap (Overpass),2026-08-25
Violet 5,climbing_area,node,14041753492,OpenStreetMap (Overpass),2026-08-25
Violet 4,climbing_area,node,14041753493,OpenStreetMap (Overpass),2026-08-25
Violet 3,climbing_area,node,14041753494,OpenStreetMap (Overpass),2026-08-25
Violet 2,climbing_area,node,14041753495,OpenStreetMap (Overpass),2026-08-25
Violet 1 bis,climbing_area,node,14041753496,OpenStreetMap (Overpass),2026-08-25
Violet 1,climbing_area,node,14041753497,OpenStreetMap (Overpass),2026-08-25
L'Œuf de Colombe (assis),climbing_area,node,14041753498,OpenStreetMap (Overpass),2026-08-25
Délivrance (assis),climbing_area,node,14041753499,OpenStreetMap (Overpass),2026-08-25
Jets Interdits (gauche),climbing_area,node,14041753500,OpenStreetMap (Overpass),2026-08-25
L'Hiver (assis),climbing_area,node,14041753501,OpenStreetMap (Overpass),2026-08-25
Nuage Blanc (assis),climbing_area,node,14041753502,OpenStreetMap (Overpass),2026-08-25
Trois en Un,climbing_area,node,14041753503,OpenStreetMap (Overpass),2026-08-25
Charles est Stone,climbing_area,node,14041753504,OpenStreetMap (Overpass),2026-08-25
Le Jeu de Go (assis),climbing_area,node,14041753505,OpenStreetMap (Overpass),2026-08-25
Rocking Chair (du fond),climbing_area,node,14041753506,OpenStreetMap (Overpass),2026-08-25
Jaune 9 bis,climbing_area,node,14041753507,OpenStreetMap (Overpass),2026-08-25
Le Bombé (du fond),climbing_area,node,14041753508,OpenStreetMap (Overpass),2026-08-25
Force G (assis),climbing_area,node,14041753509,OpenStreetMap (Overpass),2026-08-25
Rédemption,climbing_area,node,14041753510,OpenStreetMap (Overpass),2026-08-25
Transat,climbing_area,node,14041753511,OpenStreetMap (Overpass),2026-08-25
L'Astragale (assis),climbing_area,node,14041753512,OpenStreetMap (Overpass),2026-08-25
Chasseur de Prises (assis),climbing_area,node,14041753513,OpenStreetMap (Overpass),2026-08-25
Lévitation (du fond),climbing_area,node,14041753514,OpenStreetMap (Overpass),2026-08-25
Caprice (assis),climbing_area,node,14041753515,OpenStreetMap (Overpass),2026-08-25
Le Golgotha (gauche),climbing_area,node,14041753516,OpenStreetMap (Overpass),2026-08-25
La Mare (direct assis),climbing_area,node,14041753517,OpenStreetMap (Overpass),2026-08-25
Baleinausaure,climbing_area,node,14041753518,OpenStreetMap (Overpass),2026-08-25
Le Chaînon Manquant (avec l'arête),climbing_area,node,14041753519,OpenStreetMap (Overpass),2026-08-25
Saccageur de Rêves,climbing_area,node,14041753520,OpenStreetMap (Overpass),2026-08-25
Le Chaînon Manquant,climbing_area,node,14041753521,OpenStreetMap (Overpass),2026-08-25
Jaune 48,climbing_area,node,14041753522,OpenStreetMap (Overpass),2026-08-25
Orange 2,climbing_area,node,14041753523,OpenStreetMap (Overpass),2026-08-25
Orange 5 bis,climbing_area,node,14041753524,OpenStreetMap (Overpass),2026-08-25
Orange 5,climbing_area,node,14041753525,OpenStreetMap (Overpass),2026-08-25
Ode,climbing_area,node,14041753526,OpenStreetMap (Overpass),2026-08-25
L'Amiral,climbing_area,node,14041753527,OpenStreetMap (Overpass),2026-08-25
Ballade,climbing_area,node,14041753528,OpenStreetMap (Overpass),2026-08-25
Complainte,climbing_area,node,14041753529,OpenStreetMap (Overpass),2026-08-25
Magifix (assis),climbing_area,node,14041753530,OpenStreetMap (Overpass),2026-08-25
L'Hiver,climbing_area,node,14041753531,OpenStreetMap (Overpass),2026-08-25
Magifix,climbing_area,node,14041753532,OpenStreetMap (Overpass),2026-08-25
Rue de Siam,climbing_area,node,14041753533,OpenStreetMap (Overpass),2026-08-25
Cadavre Exquis,climbing_area,node,14041753534,OpenStreetMap (Overpass),2026-08-25
Orange 16,climbing_area,node,14041753535,OpenStreetMap (Overpass),2026-08-25
Paysage,climbing_area,node,14041753536,OpenStreetMap (Overpass),2026-08-25
L'Amour du Mensonge,climbing_area,node,14041753537,OpenStreetMap (Overpass),2026-08-25
Prose,climbing_area,node,14041753538,OpenStreetMap (Overpass),2026-08-25
Jeu de Paume,climbing_area,node,14041753539,OpenStreetMap (Overpass),2026-08-25
Orange 15,climbing_area,node,14041753540,OpenStreetMap (Overpass),2026-08-25
Orange 14,climbing_area,node,14041753541,OpenStreetMap (Overpass),2026-08-25
Le Pilier du Fiel,climbing_area,node,14041753542,OpenStreetMap (Overpass),2026-08-25
Lune de Fiel (retour-aller),climbing_area,node,14041753543,OpenStreetMap (Overpass),2026-08-25
Lune de Fiel (retour),climbing_area,node,14041753544,OpenStreetMap (Overpass),2026-08-25
Lune de Fiel (aller-retour),climbing_area,node,14041753545,OpenStreetMap (Overpass),2026-08-25
Lune de Fiel,climbing_area,node,14041753546,OpenStreetMap (Overpass),2026-08-25
Les Grattons du Fiel,climbing_area,node,14041753547,OpenStreetMap (Overpass),2026-08-25
Les Miches de la Veuve,climbing_area,node,14041753548,OpenStreetMap (Overpass),2026-08-25
La Fissure de la Veuve,climbing_area,node,14041753549,OpenStreetMap (Overpass),2026-08-25
Le Chou-Fleur,climbing_area,node,14041753550,OpenStreetMap (Overpass),2026-08-25
Jaune Départ,climbing_area,node,14041753551,OpenStreetMap (Overpass),2026-08-25
Les Temps Modernes,climbing_area,node,14041753552,OpenStreetMap (Overpass),2026-08-25
Le Dé,climbing_area,node,14041753553,OpenStreetMap (Overpass),2026-08-25
Violet 39,climbing_area,node,14041753554,OpenStreetMap (Overpass),2026-08-25
Morphotype,climbing_area,node,14041753555,OpenStreetMap (Overpass),2026-08-25
Bastogne,climbing_area,node,14041753556,OpenStreetMap (Overpass),2026-08-25
Retrouvaille (assis),climbing_area,node,14041753557,OpenStreetMap (Overpass),2026-08-25
Retrouvaille,climbing_area,node,14041753558,OpenStreetMap (Overpass),2026-08-25
La Clé de Ut (assis),climbing_area,node,14041753559,OpenStreetMap (Overpass),2026-08-25
La Clé de Ut,climbing_area,node,14041753560,OpenStreetMap (Overpass),2026-08-25
Passage Canonique,climbing_area,node,14041753561,OpenStreetMap (Overpass),2026-08-25
Coup de Rein,climbing_area,node,14041753562,OpenStreetMap (Overpass),2026-08-25
Canonnerie,climbing_area,node,14041753563,OpenStreetMap (Overpass),2026-08-25
Échec et Mat,climbing_area,node,14041753564,OpenStreetMap (Overpass),2026-08-25
Cocaline (rallongé),climbing_area,node,14041753565,OpenStreetMap (Overpass),2026-08-25
Cocaline,climbing_area,node,14041753566,OpenStreetMap (Overpass),2026-08-25
L'Araignée,climbing_area,node,14041753567,OpenStreetMap (Overpass),2026-08-25
Les Câlins de Kim,climbing_area,node,14041753568,OpenStreetMap (Overpass),2026-08-25
Rondopo,climbing_area,node,14041753569,OpenStreetMap (Overpass),2026-08-25
L'Innominata,climbing_area,node,14041753570,OpenStreetMap (Overpass),2026-08-25
Le Pion Cassé,climbing_area,node,14041753571,OpenStreetMap (Overpass),2026-08-25
L'Œuf de Colombe,climbing_area,node,14041753572,OpenStreetMap (Overpass),2026-08-25
Il Va Neiger,climbing_area,node,14041753573,OpenStreetMap (Overpass),2026-08-25
Quatrain,climbing_area,node,14041753574,OpenStreetMap (Overpass),2026-08-25
Le Sylphe,climbing_area,node,14041753575,OpenStreetMap (Overpass),2026-08-25
Hôtels,climbing_area,node,14041753576,OpenStreetMap (Overpass),2026-08-25
La Traversée du Groin,climbing_area,node,14041753577,OpenStreetMap (Overpass),2026-08-25
Bateau Ivre,climbing_area,node,14041753578,OpenStreetMap (Overpass),2026-08-25
Jaune 2,climbing_area,node,14041753579,OpenStreetMap (Overpass),2026-08-25
Le Pot de Terre (assis),climbing_area,node,14041753580,OpenStreetMap (Overpass),2026-08-25
Le Pot de Terre,climbing_area,node,14041753581,OpenStreetMap (Overpass),2026-08-25
Le Pot de Fer,climbing_area,node,14041753582,OpenStreetMap (Overpass),2026-08-25
La Goulotte,climbing_area,node,14041753583,OpenStreetMap (Overpass),2026-08-25
Beaux Mouvements sur Fond Sableux,climbing_area,node,14041753584,OpenStreetMap (Overpass),2026-08-25
Crescendo Fortissimo,climbing_area,node,14041753585,OpenStreetMap (Overpass),2026-08-25
Crescendo (par le bas),climbing_area,node,14041753586,OpenStreetMap (Overpass),2026-08-25
Crescendo (raccourci),climbing_area,node,14041753587,OpenStreetMap (Overpass),2026-08-25
Crescendo,climbing_area,node,14041753588,OpenStreetMap (Overpass),2026-08-25
Sixième Piste,climbing_area,node,14041753589,OpenStreetMap (Overpass),2026-08-25
Jaune 5,climbing_area,node,14041753590,OpenStreetMap (Overpass),2026-08-25
Jaune 4,climbing_area,node,14041753591,OpenStreetMap (Overpass),2026-08-25
Jaune 6,climbing_area,node,14041753592,OpenStreetMap (Overpass),2026-08-25
Jaune 7,climbing_area,node,14041753593,OpenStreetMap (Overpass),2026-08-25
Jaune 8,climbing_area,node,14041753594,OpenStreetMap (Overpass),2026-08-25
Jaune 9,climbing_area,node,14041753595,OpenStreetMap (Overpass),2026-08-25
Jaune 10,climbing_area,node,14041753596,OpenStreetMap (Overpass),2026-08-25
Jaune 11,climbing_area,node,14041753597,OpenStreetMap (Overpass),2026-08-25
Retour en Grâce,climbing_area,node,14041753598,OpenStreetMap (Overpass),2026-08-25
Le Pilier Grat'cieux,climbing_area,node,14041753599,OpenStreetMap (Overpass),2026-08-25
Le Mur Grat'cieux,climbing_area,node,14041753600,OpenStreetMap (Overpass),2026-08-25
Via Grat',climbing_area,node,14041753601,OpenStreetMap (Overpass),2026-08-25
Le Col Dégrafé,climbing_area,node,14041753602,OpenStreetMap (Overpass),2026-08-25
Contemplations,climbing_area,node,14041753603,OpenStreetMap (Overpass),2026-08-25
L'Angle du 30,climbing_area,node,14041753604,OpenStreetMap (Overpass),2026-08-25
Via Graciosa,climbing_area,node,14041753605,OpenStreetMap (Overpass),2026-08-25
Jaune 13 bis,climbing_area,node,14041753606,OpenStreetMap (Overpass),2026-08-25
Jaune 13,climbing_area,node,14041753607,OpenStreetMap (Overpass),2026-08-25
Poésies,climbing_area,node,14041753608,OpenStreetMap (Overpass),2026-08-25
Jaune 12 bis,climbing_area,node,14041753609,OpenStreetMap (Overpass),2026-08-25
Jaune 12,climbing_area,node,14041753610,OpenStreetMap (Overpass),2026-08-25
Fables,climbing_area,node,14041753611,OpenStreetMap (Overpass),2026-08-25
Boomerang,climbing_area,node,14041753612,OpenStreetMap (Overpass),2026-08-25
Free Hug (assis),climbing_area,node,14041753613,OpenStreetMap (Overpass),2026-08-25
Free Hug,climbing_area,node,14041753614,OpenStreetMap (Overpass),2026-08-25
Anthologie,climbing_area,node,14041753615,OpenStreetMap (Overpass),2026-08-25
Les Chimères,climbing_area,node,14041753616,OpenStreetMap (Overpass),2026-08-25
Tristesse,climbing_area,node,14041753617,OpenStreetMap (Overpass),2026-08-25
Boute-en-Train,climbing_area,node,14041753618,OpenStreetMap (Overpass),2026-08-25
Angoisse,climbing_area,node,14041753619,OpenStreetMap (Overpass),2026-08-25
Outrage,climbing_area,node,14041753620,OpenStreetMap (Overpass),2026-08-25
Le Tarot,climbing_area,node,14041753621,OpenStreetMap (Overpass),2026-08-25
Le Voyage Éternel,climbing_area,node,14041753622,OpenStreetMap (Overpass),2026-08-25
Vagabond des Limbes (prolongé),climbing_area,node,14041753623,OpenStreetMap (Overpass),2026-08-25
Vagabond des Limbes,climbing_area,node,14041753624,OpenStreetMap (Overpass),2026-08-25
Lévitation (raccourci),climbing_area,node,14041753625,OpenStreetMap (Overpass),2026-08-25
Rocking-Chair,climbing_area,node,14041753626,OpenStreetMap (Overpass),2026-08-25
Si c'est un Homme,climbing_area,node,14041753627,OpenStreetMap (Overpass),2026-08-25
When Legend Dies,climbing_area,node,14041753628,OpenStreetMap (Overpass),2026-08-25
Légende,climbing_area,node,14041753629,OpenStreetMap (Overpass),2026-08-25
Lévitation,climbing_area,node,14041753630,OpenStreetMap (Overpass),2026-08-25
Les Horloges,climbing_area,node,14041753631,OpenStreetMap (Overpass),2026-08-25
Saillie d'Esprit,climbing_area,node,14041753632,OpenStreetMap (Overpass),2026-08-25
Destruction d'Indices,climbing_area,node,14041753633,OpenStreetMap (Overpass),2026-08-25
Macadam,climbing_area,node,14041753634,OpenStreetMap (Overpass),2026-08-25
Nocturne,climbing_area,node,14041753635,OpenStreetMap (Overpass),2026-08-25
Jaune 14,climbing_area,node,14041753636,OpenStreetMap (Overpass),2026-08-25
Épousaille,climbing_area,node,14041753637,OpenStreetMap (Overpass),2026-08-25
Un Verset Satanique,climbing_area,node,14041753638,OpenStreetMap (Overpass),2026-08-25
Marquetterie,climbing_area,node,14041753639,OpenStreetMap (Overpass),2026-08-25
Jaune 17,climbing_area,node,14041753640,OpenStreetMap (Overpass),2026-08-25
Jaune 18,climbing_area,node,14041753641,OpenStreetMap (Overpass),2026-08-25
Jaune 19,climbing_area,node,14041753642,OpenStreetMap (Overpass),2026-08-25
Le But,climbing_area,node,14041753643,OpenStreetMap (Overpass),2026-08-25
Circus Baobab,climbing_area,node,14041753644,OpenStreetMap (Overpass),2026-08-25
Babaobab,climbing_area,node,14041753645,OpenStreetMap (Overpass),2026-08-25
Friponneries Sociales,climbing_area,node,14041753646,OpenStreetMap (Overpass),2026-08-25
L'Oubliée,climbing_area,node,14041753647,OpenStreetMap (Overpass),2026-08-25
Jour de Pluie (raccourci),climbing_area,node,14041753648,OpenStreetMap (Overpass),2026-08-25
Jour de Pluie,climbing_area,node,14041753649,OpenStreetMap (Overpass),2026-08-25
La Spéciale,climbing_area,node,14041753650,OpenStreetMap (Overpass),2026-08-25
La Bizuth,climbing_area,node,14041753651,OpenStreetMap (Overpass),2026-08-25
Bleu ciel 29 bis,climbing_area,node,14041753652,OpenStreetMap (Overpass),2026-08-25
Les Copains d'Abord,climbing_area,node,14041753653,OpenStreetMap (Overpass),2026-08-25
Jaune 30,climbing_area,node,14041753654,OpenStreetMap (Overpass),2026-08-25
Jaune 32,climbing_area,node,14041753655,OpenStreetMap (Overpass),2026-08-25
Orange 24,climbing_area,node,14041753656,OpenStreetMap (Overpass),2026-08-25
Gainage et Dévers,climbing_area,node,14041753657,OpenStreetMap (Overpass),2026-08-25
Jaune 35,climbing_area,node,14041753658,OpenStreetMap (Overpass),2026-08-25
Jaune 34,climbing_area,node,14041753659,OpenStreetMap (Overpass),2026-08-25
La Vipère,climbing_area,node,14041753660,OpenStreetMap (Overpass),2026-08-25
Le Cobra,climbing_area,node,14041753661,OpenStreetMap (Overpass),2026-08-25
Le Serpent,climbing_area,node,14041753662,OpenStreetMap (Overpass),2026-08-25
Faute de Frappe,climbing_area,node,14041753663,OpenStreetMap (Overpass),2026-08-25
Jaune 33,climbing_area,node,14041753664,OpenStreetMap (Overpass),2026-08-25
Le French Cancan,climbing_area,node,14041753665,OpenStreetMap (Overpass),2026-08-25
Le Réta de Zermatt Express,climbing_area,node,14041753666,OpenStreetMap (Overpass),2026-08-25
Zermatt Express,climbing_area,node,14041753667,OpenStreetMap (Overpass),2026-08-25
Zermatt Express (rallongé),climbing_area,node,14041753668,OpenStreetMap (Overpass),2026-08-25
L'Impossible,climbing_area,node,14041753669,OpenStreetMap (Overpass),2026-08-25
Le Cervin,climbing_area,node,14041753670,OpenStreetMap (Overpass),2026-08-25
Superlative,climbing_area,node,14041753671,OpenStreetMap (Overpass),2026-08-25
Délivrance / Marquis de Sade,climbing_area,node,14041753672,OpenStreetMap (Overpass),2026-08-25
Orange 26,climbing_area,node,14041753673,OpenStreetMap (Overpass),2026-08-25
Le Jeu de Go,climbing_area,node,14041753674,OpenStreetMap (Overpass),2026-08-25
Le Smig,climbing_area,node,14041753675,OpenStreetMap (Overpass),2026-08-25
Jaune 40,climbing_area,node,14041753676,OpenStreetMap (Overpass),2026-08-25
Orange 27,climbing_area,node,14041753677,OpenStreetMap (Overpass),2026-08-25
Brocession,climbing_area,node,14041753678,OpenStreetMap (Overpass),2026-08-25
Jaune 42,climbing_area,node,14041753679,OpenStreetMap (Overpass),2026-08-25
Jaune 41,climbing_area,node,14041753680,OpenStreetMap (Overpass),2026-08-25
Quintessence,climbing_area,node,14041753681,OpenStreetMap (Overpass),2026-08-25
Jaune 43,climbing_area,node,14041753682,OpenStreetMap (Overpass),2026-08-25
Orange 29,climbing_area,node,14041753683,OpenStreetMap (Overpass),2026-08-25
Coup de Poker,climbing_area,node,14041753684,OpenStreetMap (Overpass),2026-08-25
Le Nain Jaune,climbing_area,node,14041753685,OpenStreetMap (Overpass),2026-08-25
Jaune 37,climbing_area,node,14041753686,OpenStreetMap (Overpass),2026-08-25
Jaune 44,climbing_area,node,14041753687,OpenStreetMap (Overpass),2026-08-25
Jaune 45,climbing_area,node,14041753688,OpenStreetMap (Overpass),2026-08-25
Orca (droite),climbing_area,node,14041753689,OpenStreetMap (Overpass),2026-08-25
Orca,climbing_area,node,14041753690,OpenStreetMap (Overpass),2026-08-25
Baboon Master (rallongé),climbing_area,node,14041753691,OpenStreetMap (Overpass),2026-08-25
Baboon Master,climbing_area,node,14041753692,OpenStreetMap (Overpass),2026-08-25
La Baleine,climbing_area,node,14041753693,OpenStreetMap (Overpass),2026-08-25
La Fissure de la Baleine,climbing_area,node,14041753694,OpenStreetMap (Overpass),2026-08-25
Jaune 46,climbing_area,node,14041753695,OpenStreetMap (Overpass),2026-08-25
Orange 30,climbing_area,node,14041753696,OpenStreetMap (Overpass),2026-08-25
Orange 32,climbing_area,node,14041753697,OpenStreetMap (Overpass),2026-08-25
Charleston,climbing_area,node,14041753698,OpenStreetMap (Overpass),2026-08-25
La Cave de l'Oncle Tom,climbing_area,node,14041753699,OpenStreetMap (Overpass),2026-08-25
Orange 31,climbing_area,node,14041753700,OpenStreetMap (Overpass),2026-08-25
Orange 33,climbing_area,node,14041753701,OpenStreetMap (Overpass),2026-08-25
Noir Zazate,climbing_area,node,14041753702,OpenStreetMap (Overpass),2026-08-25
L'Artif du Ciel,climbing_area,node,14041753703,OpenStreetMap (Overpass),2026-08-25
Orange 34,climbing_area,node,14041753704,OpenStreetMap (Overpass),2026-08-25
Sans nom,climbing_area,node,14041753705,OpenStreetMap (Overpass),2026-08-25
La Yoyo (assis),climbing_area,node,14041753706,OpenStreetMap (Overpass),2026-08-25
Les Mains Blanches,climbing_area,node,14041753707,OpenStreetMap (Overpass),2026-08-25
Le Pain Noir,climbing_area,node,14041753708,OpenStreetMap (Overpass),2026-08-25
La Yoyo,climbing_area,node,14041753709,OpenStreetMap (Overpass),2026-08-25
La Théorie du Chaos (assis),climbing_area,node,14041753710,OpenStreetMap (Overpass),2026-08-25
Cinéma Intérieur,climbing_area,node,14041753711,OpenStreetMap (Overpass),2026-08-25
La Cheminée,climbing_area,node,14041753712,OpenStreetMap (Overpass),2026-08-25
Le Bonsaï,climbing_area,node,14041753713,OpenStreetMap (Overpass),2026-08-25
La Maîtrise du Genre Littéraire,climbing_area,node,14041753714,OpenStreetMap (Overpass),2026-08-25
Chasseur de Prises,climbing_area,node,14041753715,OpenStreetMap (Overpass),2026-08-25
L'Envers du Décor (assis),climbing_area,node,14041753716,OpenStreetMap (Overpass),2026-08-25
Caterpillar (assis),climbing_area,node,14041753717,OpenStreetMap (Overpass),2026-08-25
L'Envers du Décor,climbing_area,node,14041753718,OpenStreetMap (Overpass),2026-08-25
Caterpillar,climbing_area,node,14041753719,OpenStreetMap (Overpass),2026-08-25
Orange 39,climbing_area,node,14041753720,OpenStreetMap (Overpass),2026-08-25
Orange 40,climbing_area,node,14041753721,OpenStreetMap (Overpass),2026-08-25
Orange 41,climbing_area,node,14041753722,OpenStreetMap (Overpass),2026-08-25
Compressman,climbing_area,node,14041753723,OpenStreetMap (Overpass),2026-08-25
Hanuman (assis),climbing_area,node,14041753724,OpenStreetMap (Overpass),2026-08-25
Hanuman,climbing_area,node,14041753725,OpenStreetMap (Overpass),2026-08-25
Full Metal Jacket (du bas),climbing_area,node,14041753726,OpenStreetMap (Overpass),2026-08-25
Full Metal Jacket,climbing_area,node,14041753727,OpenStreetMap (Overpass),2026-08-25
Les Grimpeurs se Cachent pour Médire (assis),climbing_area,node,14041753728,OpenStreetMap (Overpass),2026-08-25
Zoé,climbing_area,node,14041753729,OpenStreetMap (Overpass),2026-08-25
Les Grimpeurs se Cachent pour Médire,climbing_area,node,14041753730,OpenStreetMap (Overpass),2026-08-25
La Maschine,climbing_area,node,14041753731,OpenStreetMap (Overpass),2026-08-25
La Maschette,climbing_area,node,14041753732,OpenStreetMap (Overpass),2026-08-25
La Valse aux Adieux,climbing_area,node,14041753733,OpenStreetMap (Overpass),2026-08-25
Les P'tites Poignées d'Amour,climbing_area,node,14041753734,OpenStreetMap (Overpass),2026-08-25
Fantasia chez les Ploucs,climbing_area,node,14041753735,OpenStreetMap (Overpass),2026-08-25
La Valse aux Adieux (prolongé),climbing_area,node,14041753736,OpenStreetMap (Overpass),2026-08-25
Force G,climbing_area,node,14041753737,OpenStreetMap (Overpass),2026-08-25
Scarlatine (assis),climbing_area,node,14041753738,OpenStreetMap (Overpass),2026-08-25
Le Pied Levé,climbing_area,node,14041753739,OpenStreetMap (Overpass),2026-08-25
Scarlatine,climbing_area,node,14041753740,OpenStreetMap (Overpass),2026-08-25
Le Bombé (assis gauche),climbing_area,node,14041753741,OpenStreetMap (Overpass),2026-08-25
Le Bombé (assis droite),climbing_area,node,14041753742,OpenStreetMap (Overpass),2026-08-25
Le Bombé,climbing_area,node,14041753743,OpenStreetMap (Overpass),2026-08-25
Vilaine Biquette,climbing_area,node,14041753744,OpenStreetMap (Overpass),2026-08-25
Le Mur de la Honte,climbing_area,node,14041753745,OpenStreetMap (Overpass),2026-08-25
Marche à Suivre,climbing_area,node,14041753746,OpenStreetMap (Overpass),2026-08-25
Orange Juice,climbing_area,node,14041753747,OpenStreetMap (Overpass),2026-08-25
Pareur de Femmes,climbing_area,node,14041753748,OpenStreetMap (Overpass),2026-08-25
Le Talon d'Achille,climbing_area,node,14041753749,OpenStreetMap (Overpass),2026-08-25
La Mare (direct),climbing_area,node,14041753750,OpenStreetMap (Overpass),2026-08-25
Fosse Septique,climbing_area,node,14041753751,OpenStreetMap (Overpass),2026-08-25
36.15 Power,climbing_area,node,14041753752,OpenStreetMap (Overpass),2026-08-25
36.15 (gauche),climbing_area,node,14041753753,OpenStreetMap (Overpass),2026-08-25
Nut's,climbing_area,node,14041753754,OpenStreetMap (Overpass),2026-08-25
Le Dévers,climbing_area,node,14041753755,OpenStreetMap (Overpass),2026-08-25
Le Golgotha,climbing_area,node,14041753756,OpenStreetMap (Overpass),2026-08-25
Le Sphinx,climbing_area,node,14041753757,OpenStreetMap (Overpass),2026-08-25
L'Intermédiaire,climbing_area,node,14041753758,OpenStreetMap (Overpass),2026-08-25
Le Beaufort,climbing_area,node,14041753759,OpenStreetMap (Overpass),2026-08-25
Le Bossu,climbing_area,node,14041753760,OpenStreetMap (Overpass),2026-08-25
Le Whist,climbing_area,node,14041753761,OpenStreetMap (Overpass),2026-08-25
La Plaisanterie,climbing_area,node,14041753762,OpenStreetMap (Overpass),2026-08-25
Jaune 27,climbing_area,node,14041753763,OpenStreetMap (Overpass),2026-08-25
La Fédérale,climbing_area,node,14041753764,OpenStreetMap (Overpass),2026-08-25
Le Prétoire,climbing_area,node,14041753765,OpenStreetMap (Overpass),2026-08-25
Jaune 20,climbing_area,node,14041753766,OpenStreetMap (Overpass),2026-08-25
Jaune 22,climbing_area,node,14041753767,OpenStreetMap (Overpass),2026-08-25
Jaune 23,climbing_area,node,14041753768,OpenStreetMap (Overpass),2026-08-25
Le Couloir,climbing_area,node,14041753769,OpenStreetMap (Overpass),2026-08-25
La Dalle de Marbre,climbing_area,node,14041753770,OpenStreetMap (Overpass),2026-08-25
Passage Piétons,climbing_area,node,14041753771,OpenStreetMap (Overpass),2026-08-25
Il,climbing_area,node,14041753772,OpenStreetMap (Overpass),2026-08-25
La Vieille,climbing_area,node,14041753773,OpenStreetMap (Overpass),2026-08-25
Sauvez Alain Robert,climbing_area,node,14041753774,OpenStreetMap (Overpass),2026-08-25
La Valse aux Trois Thons,climbing_area,node,14041753775,OpenStreetMap (Overpass),2026-08-25
SOS Glycogène (assis),climbing_area,node,14041753776,OpenStreetMap (Overpass),2026-08-25
SOS Glycogène,climbing_area,node,14041753777,OpenStreetMap (Overpass),2026-08-25
Exposition Rétrospective (assis) / Morituri te Salutant,climbing_area,node,14041753778,OpenStreetMap (Overpass),2026-08-25
Exposition Rétrospective,climbing_area,node,14041753779,OpenStreetMap (Overpass),2026-08-25
Styrax (assis),climbing_area,node,14041753780,OpenStreetMap (Overpass),2026-08-25
Styrax (gauche),climbing_area,node,14041753781,OpenStreetMap (Overpass),2026-08-25
Styrax,climbing_area,node,14041753782,OpenStreetMap (Overpass),2026-08-25
Orange 22,climbing_area,node,14041753783,OpenStreetMap (Overpass),2026-08-25
Le Fourre-Tout,climbing_area,node,14041753784,OpenStreetMap (Overpass),2026-08-25
Orange 20 bis,climbing_area,node,14041753785,OpenStreetMap (Overpass),2026-08-25
Orange 9,climbing_area,node,14041753786,OpenStreetMap (Overpass),2026-08-25
Égérie,climbing_area,node,14041753787,OpenStreetMap (Overpass),2026-08-25
Orange 19,climbing_area,node,14041753788,OpenStreetMap (Overpass),2026-08-25
Orange 20,climbing_area,node,14041753789,OpenStreetMap (Overpass),2026-08-25
La Contralto,climbing_area,node,14041753790,OpenStreetMap (Overpass),2026-08-25
Deux Seins qui Tiennent,climbing_area,node,14041753791,OpenStreetMap (Overpass),2026-08-25
La Blanche,climbing_area,node,14041753792,OpenStreetMap (Overpass),2026-08-25
La Bendix,climbing_area,node,14041753793,OpenStreetMap (Overpass),2026-08-25
Strophe,climbing_area,node,14041753794,OpenStreetMap (Overpass),2026-08-25
Orange 10,climbing_area,node,14041753795,OpenStreetMap (Overpass),2026-08-25
Orange 18,climbing_area,node,14041753796,OpenStreetMap (Overpass),2026-08-25
Orange 12,climbing_area,node,14041753797,OpenStreetMap (Overpass),2026-08-25
Orange 17,climbing_area,node,14041753798,OpenStreetMap (Overpass),2026-08-25
Soleil Couchant,climbing_area,node,14041753799,OpenStreetMap (Overpass),2026-08-25
Le Vallon,climbing_area,node,14041753800,OpenStreetMap (Overpass),2026-08-25
L'Amérique,climbing_area,node,14041753801,OpenStreetMap (Overpass),2026-08-25
Le Surplomb du Bengale,climbing_area,node,14041753802,OpenStreetMap (Overpass),2026-08-25
Nuage Blanc,climbing_area,node,14041753803,OpenStreetMap (Overpass),2026-08-25
Élégie,climbing_area,node,14041753804,OpenStreetMap (Overpass),2026-08-25
La Frouch'mammouth,climbing_area,node,14041753805,OpenStreetMap (Overpass),2026-08-25
Mini Dei,climbing_area,node,14041753806,OpenStreetMap (Overpass),2026-08-25
Orange 11,climbing_area,node,14041753807,OpenStreetMap (Overpass),2026-08-25
Minus Dei,climbing_area,node,14041753808,OpenStreetMap (Overpass),2026-08-25
Manus Dei,climbing_area,node,14041753809,OpenStreetMap (Overpass),2026-08-25
Stances,climbing_area,node,14041753810,OpenStreetMap (Overpass),2026-08-25
Orange 7,climbing_area,node,14041753811,OpenStreetMap (Overpass),2026-08-25
Orange 7 bis,climbing_area,node,14041753812,OpenStreetMap (Overpass),2026-08-25
Les Plats,climbing_area,node,14041753813,OpenStreetMap (Overpass),2026-08-25
Crépuscule,climbing_area,node,14041753814,OpenStreetMap (Overpass),2026-08-25
Mitoo,climbing_area,node,14041753815,OpenStreetMap (Overpass),2026-08-25
Tatoomi,climbing_area,node,14041753816,OpenStreetMap (Overpass),2026-08-25
Platch,climbing_area,node,14041753817,OpenStreetMap (Overpass),2026-08-25
L'Œil de Çiva,climbing_area,node,14041753818,OpenStreetMap (Overpass),2026-08-25
Poussinours,climbing_area,node,14041753819,OpenStreetMap (Overpass),2026-08-25
Hymne à la Mort (assis),climbing_area,node,14041753820,OpenStreetMap (Overpass),2026-08-25
Hymne à la Mort,climbing_area,node,14041753821,OpenStreetMap (Overpass),2026-08-25
L'Espace,climbing_area,node,14041753822,OpenStreetMap (Overpass),2026-08-25
Le Damier,climbing_area,node,14041753823,OpenStreetMap (Overpass),2026-08-25
Orange 4,climbing_area,node,14041753824,OpenStreetMap (Overpass),2026-08-25
La Folklorique,climbing_area,node,14041753825,OpenStreetMap (Overpass),2026-08-25
Solitude,climbing_area,node,14041753826,OpenStreetMap (Overpass),2026-08-25
La Belle Vieille,climbing_area,node,14041753827,OpenStreetMap (Overpass),2026-08-25
La Prothèse,climbing_area,node,14041753828,OpenStreetMap (Overpass),2026-08-25
Le Cadeau du Vent,climbing_area,node,14041753829,OpenStreetMap (Overpass),2026-08-25
Vol Innocent,climbing_area,node,14041753830,OpenStreetMap (Overpass),2026-08-25
42 Fillette (assis),climbing_area,node,14041753831,OpenStreetMap (Overpass),2026-08-25
42 Fillette,climbing_area,node,14041753832,OpenStreetMap (Overpass),2026-08-25
L'Abîme (assis),climbing_area,node,14041753833,OpenStreetMap (Overpass),2026-08-25
L'Abîme,climbing_area,node,14041753834,OpenStreetMap (Overpass),2026-08-25
Fantaisie,climbing_area,node,14041753835,OpenStreetMap (Overpass),2026-08-25
Le Tabac,climbing_area,node,14041753836,OpenStreetMap (Overpass),2026-08-25
Jaune 15 bis,climbing_area,node,14041753837,OpenStreetMap (Overpass),2026-08-25
Gros Câlin,climbing_area,node,14041753838,OpenStreetMap (Overpass),2026-08-25
Fondue,climbing_area,node,14041753839,OpenStreetMap (Overpass),2026-08-25
Le Dromadaire,climbing_area,node,14041753840,OpenStreetMap (Overpass),2026-08-25
Jiggery Pokery,climbing_area,node,14041753841,OpenStreetMap (Overpass),2026-08-25
Hocus Pocus,climbing_area,node,14041753842,OpenStreetMap (Overpass),2026-08-25
The Roof,climbing_area,node,14041753843,OpenStreetMap (Overpass),2026-08-25
Le Dièdre sans le Dièdre,climbing_area,node,14041753844,OpenStreetMap (Overpass),2026-08-25
L'Angle de l'Astragale,climbing_area,node,14041753845,OpenStreetMap (Overpass),2026-08-25
L'Astragale (direct),climbing_area,node,14041753846,OpenStreetMap (Overpass),2026-08-25
Satyen,climbing_area,node,14041753847,OpenStreetMap (Overpass),2026-08-25
Le Cruciverbiste,climbing_area,node,14041753848,OpenStreetMap (Overpass),2026-08-25
L'Oiseau,climbing_area,node,14041753849,OpenStreetMap (Overpass),2026-08-25
Bateau Pilote (direct),climbing_area,node,14041753850,OpenStreetMap (Overpass),2026-08-25
Orange 43,climbing_area,node,14041753851,OpenStreetMap (Overpass),2026-08-25
Le Cap GAP,climbing_area,node,14041753852,OpenStreetMap (Overpass),2026-08-25
Le Presse-Citron,climbing_area,node,14041753853,OpenStreetMap (Overpass),2026-08-25
Jaune 36,climbing_area,node,14041753854,OpenStreetMap (Overpass),2026-08-25
Jets Interdits,climbing_area,node,14041753855,OpenStreetMap (Overpass),2026-08-25
L'Arête gauche du Cervin,climbing_area,node,14041753856,OpenStreetMap (Overpass),2026-08-25
Orange 23,climbing_area,node,14041753857,OpenStreetMap (Overpass),2026-08-25
La Norma,climbing_area,node,14041753858,OpenStreetMap (Overpass),2026-08-25
Jaune 26,climbing_area,node,14041753859,OpenStreetMap (Overpass),2026-08-25
Jaune 21,climbing_area,node,14041753860,OpenStreetMap (Overpass),2026-08-25
Jaune 25,climbing_area,node,14041753861,OpenStreetMap (Overpass),2026-08-25
Jaune 15,climbing_area,node,14041753862,OpenStreetMap (Overpass),2026-08-25
Orange 6,climbing_area,node,14041753863,OpenStreetMap (Overpass),2026-08-25
Orange 37,climbing_area,node,14041753864,OpenStreetMap (Overpass),2026-08-25
La Théorie du Chaos,climbing_area,node,14041753865,OpenStreetMap (Overpass),2026-08-25
Jaune 47,climbing_area,node,14041753866,OpenStreetMap (Overpass),2026-08-25
Méditation,climbing_area,node,14041753867,OpenStreetMap (Overpass),2026-08-25
Sledgehammer,climbing_area,node,14041753868,OpenStreetMap (Overpass),2026-08-25
Gravitation,climbing_area,node,14041753869,OpenStreetMap (Overpass),2026-08-25
Adrénaline,climbing_area,node,14041753870,OpenStreetMap (Overpass),2026-08-25
Jaune 38,climbing_area,node,14041753871,OpenStreetMap (Overpass),2026-08-25
Jaune 39,climbing_area,node,14041753872,OpenStreetMap (Overpass),2026-08-25
La Dénoyautée,climbing_area,node,14041753873,OpenStreetMap (Overpass),2026-08-25
Sonnets Posthumes,climbing_area,node,14041753874,OpenStreetMap (Overpass),2026-08-25
La Traversée de la Tortue,climbing_area,node,14041753875,OpenStreetMap (Overpass),2026-08-25
Orange 21,climbing_area,node,14041753876,OpenStreetMap (Overpass),2026-08-25
La Goulotte,climbing_area,node,14041753877,OpenStreetMap (Overpass),2026-08-25
Le Cheval d'Arçon,climbing_area,node,14041753878,OpenStreetMap (Overpass),2026-08-25
L'Ex Saut du Jaune,climbing_area,node,14041753879,OpenStreetMap (Overpass),2026-08-25
Bateau Pilote,climbing_area,node,14041753880,OpenStreetMap (Overpass),2026-08-25
L'Ex-Souche,climbing_area,node,14041753881,OpenStreetMap (Overpass),2026-08-25
Jaune 1,climbing_area,node,14041753882,OpenStreetMap (Overpass),2026-08-25
Puzzle,climbing_area,node,14041753883,OpenStreetMap (Overpass),2026-08-25
La Singlette,climbing_area,node,14041753884,OpenStreetMap (Overpass),2026-08-25
Le Sphinx (droite),climbing_area,node,14041753885,OpenStreetMap (Overpass),2026-08-25
L'Attrape-Mouche,climbing_area,node,14041753886,OpenStreetMap (Overpass),2026-08-25
La Longue Marche,climbing_area,node,14041753887,OpenStreetMap (Overpass),2026-08-25
Caprice,climbing_area,node,14041753888,OpenStreetMap (Overpass),2026-08-25
L'Astragale,climbing_area,node,14041753889,OpenStreetMap (Overpass),2026-08-25
Jaune 24,climbing_area,node,14041753890,OpenStreetMap (Overpass),2026-08-25
Les Petits Pieds,climbing_area,node,14041753891,OpenStreetMap (Overpass),2026-08-25
Dure Limite,climbing_area,node,14041753892,OpenStreetMap (Overpass),2026-08-25
La Queue du Dromadaire,climbing_area,node,14041753893,OpenStreetMap (Overpass),2026-08-25
Jaune 29,climbing_area,node,14041753894,OpenStreetMap (Overpass),2026-08-25
L'Ancien,climbing_area,node,14041753895,OpenStreetMap (Overpass),2026-08-25
La Soprano,climbing_area,node,14041753896,OpenStreetMap (Overpass),2026-08-25
Le Pilier du Dromadaire,climbing_area,node,14041753897,OpenStreetMap (Overpass),2026-08-25
L'Appuyette,climbing_area,node,14041753898,OpenStreetMap (Overpass),2026-08-25
L'Emmenthal,climbing_area,node,14041753899,OpenStreetMap (Overpass),2026-08-25
Jaune 3,climbing_area,node,14041753900,OpenStreetMap (Overpass),2026-08-25
Chlorophylle,climbing_area,node,14041753901,OpenStreetMap (Overpass),2026-08-25
L'Eunnuque,climbing_area,node,14041753902,OpenStreetMap (Overpass),2026-08-25
L'Imprévue,climbing_area,node,14041753903,OpenStreetMap (Overpass),2026-08-25
Le Bloc,climbing_area,node,14041753904,OpenStreetMap (Overpass),2026-08-25
Chanson d'Automne,climbing_area,node,14041753905,OpenStreetMap (Overpass),2026-08-25
La Cachée,climbing_area,node,14041753906,OpenStreetMap (Overpass),2026-08-25
Jaune 28,climbing_area,node,14041753907,OpenStreetMap (Overpass),2026-08-25
Jaune 31,climbing_area,node,14041753908,OpenStreetMap (Overpass),2026-08-25
Gymnase des Terrasses,climbing_area,way,286913933,OpenStreetMap (Overpass),2026-08-25
Karma,climbing_area,way,655065740,OpenStreetMap (Overpass),2026-08-25
Site d'escalade du Bas Cuvier,climbing_area,way,1214259114,OpenStreetMap (Overpass),2026-08-25
Canche aux Merciers,climbing_area,way,1484144336,OpenStreetMap (Overpass),2026-08-25
