name,designation,connectivity_note,source,area_ha_computed,retrieved,confidence_note
Réserve de biosphère de Fontainebleau et du Gâtinais,UNESCO Biosphere Reserve,"The overarching international designation for the massif; co-administered with the regional park authority, same designation-stacking pattern already documented for the Camargue in camargue-ecotourism-implications-coa-valley.md.",OpenStreetMap R9891093 (osmnx/Nominatim),149587.00097512177,2026-08-25,"Real OSM boundary polygon; cross-check against INPN/data.gouv.fr recommended (INPN unreachable from this environment, see report Limitations)"
Parc naturel régional du Gâtinais français,Regional Nature Park,"The regional park whose territory, together with the state forest, forms the biosphere reserve's footprint.",OpenStreetMap R5456737 (osmnx/Nominatim),76288.55314802592,2026-08-25,"Real OSM boundary polygon; cross-check against INPN/data.gouv.fr recommended (INPN unreachable from this environment, see report Limitations)"
Forêt Domaniale des Trois Pignons,State Forest (ONF),"A separate, associated state forest within the same massif - a genuinely important bouldering/climbing area in its own right, tagged source=IGN Forêts Publiques.",OpenStreetMap R16615234 (osmnx/Nominatim),3394.3503284895733,2026-08-25,"Real OSM boundary polygon; cross-check against INPN/data.gouv.fr recommended (INPN unreachable from this environment, see report Limitations)"
Réserve biologique dirigée de Cuvier Châtillon,Réserve Biologique Dirigée (managed reserve),"Part of the ONF Réserve Biologique network within the state forest - strict (Intégrale) or managed (Dirigée) protection, no active silviculture in the Intégrale case.",OpenStreetMap way 77602203,22.299346680886774,2026-08-25,"Real OSM boundary polygon; cross-check against INPN/data.gouv.fr recommended (INPN unreachable from this environment, see report Limitations)"
Réserve biologique dirigée du Mont de Fays,Réserve Biologique Dirigée (managed reserve),"Part of the ONF Réserve Biologique network within the state forest - strict (Intégrale) or managed (Dirigée) protection, no active silviculture in the Intégrale case.",OpenStreetMap way 77602240,3.0881050183143435,2026-08-25,"Real OSM boundary polygon; cross-check against INPN/data.gouv.fr recommended (INPN unreachable from this environment, see report Limitations)"
Réserve biologique dirigée du Petit Mont Chauvet,Réserve Biologique Dirigée (managed reserve),"Part of the ONF Réserve Biologique network within the state forest - strict (Intégrale) or managed (Dirigée) protection, no active silviculture in the Intégrale case.",OpenStreetMap way 77602272,37.614417026566194,2026-08-25,"Real OSM boundary polygon; cross-check against INPN/data.gouv.fr recommended (INPN unreachable from this environment, see report Limitations)"
Réserve biologique dirigée des Platières de Franchard (Mare aux pigeons),Réserve Biologique Dirigée (managed reserve),"Part of the ONF Réserve Biologique network within the state forest - strict (Intégrale) or managed (Dirigée) protection, no active silviculture in the Intégrale case.",OpenStreetMap way 77602354,6.421227558616765,2026-08-25,"Real OSM boundary polygon; cross-check against INPN/data.gouv.fr recommended (INPN unreachable from this environment, see report Limitations)"
Réserve biologique intégrale de la Tillaie,Réserve Biologique Intégrale (strict reserve),"Part of the ONF Réserve Biologique network within the state forest - strict (Intégrale) or managed (Dirigée) protection, no active silviculture in the Intégrale case.",OpenStreetMap way 77602357,74.92841085286564,2026-08-25,"Real OSM boundary polygon; cross-check against INPN/data.gouv.fr recommended (INPN unreachable from this environment, see report Limitations)"
Réserve biologique intégrale de la Gorge aux Loups,Réserve Biologique Intégrale (strict reserve),"Part of the ONF Réserve Biologique network within the state forest - strict (Intégrale) or managed (Dirigée) protection, no active silviculture in the Intégrale case.",OpenStreetMap way 77602440,80.71958231828935,2026-08-25,"Real OSM boundary polygon; cross-check against INPN/data.gouv.fr recommended (INPN unreachable from this environment, see report Limitations)"
Réserve biologique intégrale du Chêne Brûlé,Réserve Biologique Intégrale (strict reserve),"Part of the ONF Réserve Biologique network within the state forest - strict (Intégrale) or managed (Dirigée) protection, no active silviculture in the Intégrale case.",OpenStreetMap way 77602519,58.20398304931419,2026-08-25,"Real OSM boundary polygon; cross-check against INPN/data.gouv.fr recommended (INPN unreachable from this environment, see report Limitations)"
Réserve biologique dirigée de Belle-Croix,Réserve Biologique Dirigée (managed reserve),"Part of the ONF Réserve Biologique network within the state forest - strict (Intégrale) or managed (Dirigée) protection, no active silviculture in the Intégrale case.",OpenStreetMap way 77602581,16.779921783266552,2026-08-25,"Real OSM boundary polygon; cross-check against INPN/data.gouv.fr recommended (INPN unreachable from this environment, see report Limitations)"
Réserve biologique dirigée du Mont Merle,Réserve Biologique Dirigée (managed reserve),"Part of the ONF Réserve Biologique network within the state forest - strict (Intégrale) or managed (Dirigée) protection, no active silviculture in the Intégrale case.",OpenStreetMap way 77602614,23.85627043676014,2026-08-25,"Real OSM boundary polygon; cross-check against INPN/data.gouv.fr recommended (INPN unreachable from this environment, see report Limitations)"
Réserve biologique dirigée de la Gorge aux Merisiers,Réserve Biologique Dirigée (managed reserve),"Part of the ONF Réserve Biologique network within the state forest - strict (Intégrale) or managed (Dirigée) protection, no active silviculture in the Intégrale case.",OpenStreetMap way 77602697,27.265946580918897,2026-08-25,"Real OSM boundary polygon; cross-check against INPN/data.gouv.fr recommended (INPN unreachable from this environment, see report Limitations)"
Réserve biologique dirigée de Champ Minette,Réserve Biologique Dirigée (managed reserve),"Part of the ONF Réserve Biologique network within the state forest - strict (Intégrale) or managed (Dirigée) protection, no active silviculture in the Intégrale case.",OpenStreetMap way 825885862,57.77971891200985,2026-08-25,"Real OSM boundary polygon; cross-check against INPN/data.gouv.fr recommended (INPN unreachable from this environment, see report Limitations)"
Réserve biologique intégrale de la Vallée Jauberton,Réserve Biologique Intégrale (strict reserve),"Part of the ONF Réserve Biologique network within the state forest - strict (Intégrale) or managed (Dirigée) protection, no active silviculture in the Intégrale case.",OpenStreetMap way 1375607981,221.4371805097446,2026-08-25,"Real OSM boundary polygon; cross-check against INPN/data.gouv.fr recommended (INPN unreachable from this environment, see report Limitations)"
Réserve biologique intégrale des Béorlots,Réserve Biologique Intégrale (strict reserve),"Part of the ONF Réserve Biologique network within the state forest - strict (Intégrale) or managed (Dirigée) protection, no active silviculture in the Intégrale case.",OpenStreetMap way 1376946621,161.5545836787186,2026-08-25,"Real OSM boundary polygon; cross-check against INPN/data.gouv.fr recommended (INPN unreachable from this environment, see report Limitations)"
Réserve biologique intégrale du Rocher de la Combe,Réserve Biologique Intégrale (strict reserve),"Part of the ONF Réserve Biologique network within the state forest - strict (Intégrale) or managed (Dirigée) protection, no active silviculture in the Intégrale case.",OpenStreetMap way 1376966571,124.23931487266034,2026-08-25,"Real OSM boundary polygon; cross-check against INPN/data.gouv.fr recommended (INPN unreachable from this environment, see report Limitations)"
Réserve biologique dirigée de la Boissière,Réserve Biologique Dirigée (managed reserve),"Part of the ONF Réserve Biologique network within the state forest - strict (Intégrale) or managed (Dirigée) protection, no active silviculture in the Intégrale case.",OpenStreetMap way 1425920846,41.89065622439435,2026-08-25,"Real OSM boundary polygon; cross-check against INPN/data.gouv.fr recommended (INPN unreachable from this environment, see report Limitations)"
Réserve biologique intégrale Gros Fouteau - Hauteurs de la Solle,Réserve Biologique Intégrale (strict reserve),"Part of the ONF Réserve Biologique network within the state forest - strict (Intégrale) or managed (Dirigée) protection, no active silviculture in the Intégrale case.",OpenStreetMap relation 1178080,284.58364323799515,2026-08-25,"Real OSM boundary polygon; cross-check against INPN/data.gouv.fr recommended (INPN unreachable from this environment, see report Limitations)"
Réserve biologique dirigée de Baudelut,Réserve Biologique Dirigée (managed reserve),"Part of the ONF Réserve Biologique network within the state forest - strict (Intégrale) or managed (Dirigée) protection, no active silviculture in the Intégrale case.",OpenStreetMap relation 16619020,12.184966230686118,2026-08-25,"Real OSM boundary polygon; cross-check against INPN/data.gouv.fr recommended (INPN unreachable from this environment, see report Limitations)"
