lsoa_code,lsoa_name,theft_count,population_2021,pop_floor_applied,theft_rate_per_1000,rate_zscore,rate_p_sim,rate_category,raw_zscore,raw_p_sim,raw_category
E01000002,City of London 001B,270,1384,False,195.08670520231215,2.0579960760110927,0.003,Hot Spot 95%,2.0561226268836434,0.003,Hot Spot 95%
E01000001,City of London 001A,82,1475,False,55.59322033898305,1.983040642966832,0.001,Hot Spot 95%,1.940053485021708,0.001,Hot Spot 90%
E01004293,Tower Hamlets 027B,19,1987,False,9.562154001006542,1.7025074867482204,0.003,Hot Spot 90%,1.6576342370094683,0.003,Hot Spot 90%
E01004307,Tower Hamlets 015B,26,2336,False,11.13013698630137,1.4474726252883072,0.008,Not Significant,1.4132781488790782,0.008,Not Significant
E01000005,City of London 001E,309,1100,False,280.9090909090909,1.4458283531300165,0.012,Not Significant,1.41166700983646,0.01,Not Significant
E01032739,City of London 001F,3497,1619,False,2159.9752933909817,1.4226181375700966,0.001,Not Significant,1.3587679446038372,0.001,Not Significant
E01002704,Islington 023D,19,2356,False,8.064516129032258,1.2070891944559852,0.011,Not Significant,1.2120368128370789,0.011,Not Significant
E01032740,City of London 001G,539,1392,False,387.21264367816093,1.184931479176539,0.014,Not Significant,1.172681385181463,0.014,Not Significant
E01033708,Hackney 033C,24,1869,False,12.841091492776886,1.0947181744059262,0.023,Not Significant,1.117583786463601,0.02,Not Significant
E01000917,Camden 027C,13,1653,False,7.864488808227465,0.22687405993564644,0.032,Not Significant,0.1856707553563248,0.035,Not Significant
E01000916,Camden 027B,5,1853,False,2.698327037236913,0.15582013812797685,0.074,Not Significant,0.1242997839912691,0.076,Not Significant
E01033490,Islington 022H,12,1399,False,8.577555396711936,0.12001655962008631,0.071,Not Significant,0.09446014630611564,0.071,Not Significant
E01004735,Westminster 018B,16,2027,False,7.893438579181057,0.11997354849497435,0.086,Not Significant,0.09335248821431583,0.089,Not Significant
E01035697,Tower Hamlets 026F,0,1675,False,0.0,0.11826708320227601,0.098,Not Significant,0.0463877851220023,0.099,Not Significant
E01002724,Islington 022D,6,1923,False,3.1201248049921997,0.1130797441279964,0.093,Not Significant,0.086102362522535,0.1,Not Significant
E01004310,Tower Hamlets 015E,0,2021,False,0.0,0.07535005775999781,0.102,Not Significant,0.019038699873562468,0.1,Not Significant
E01000003,City of London 001C,27,1613,False,16.738995660260382,0.06768755919572984,0.135,Not Significant,0.052402704214442694,0.096,Not Significant
E01000914,Camden 028B,21,1419,False,14.799154334038054,0.06388650616601889,0.103,Not Significant,0.04457077831282757,0.105,Not Significant
E01032767,Tower Hamlets 021F,2,1564,False,1.278772378516624,-0.01753850764642013,0.23,Not Significant,-0.05116668390851506,0.243,Not Significant
E01002706,Islington 023E,0,2038,False,0.0,-0.12500664164000688,0.311,Not Significant,-0.1169011568473278,0.312,Not Significant
E01000918,Camden 028C,0,1792,False,0.0,-0.1253575598678078,0.2,Not Significant,-0.11883452369846934,0.205,Not Significant
E01000915,Camden 027A,0,1530,False,0.0,-0.12984466213176116,0.214,Not Significant,-0.1254603330112357,0.287,Not Significant
E01035669,Tower Hamlets 009F,0,1384,False,0.0,-0.13073978141707335,0.304,Not Significant,-0.11972065017190921,0.278,Not Significant
E01001780,Hackney 032D,0,1816,False,0.0,-0.13173243676145338,0.311,Not Significant,-0.12173457397518166,0.3,Not Significant
E01000920,Camden 027D,0,1623,False,0.0,-0.13224138020414916,0.361,Not Significant,-0.12651764300795373,0.396,Not Significant
E01004316,Tower Hamlets 009C,0,1039,False,0.0,-0.13308945176575016,0.315,Not Significant,-0.12503740901254845,0.318,Not Significant
E01004733,Westminster 020C,0,2102,False,0.0,-0.13343831488644906,0.267,Not Significant,-0.12475545968009033,0.272,Not Significant
E01004292,Tower Hamlets 026A,0,1672,False,0.0,-0.13481549554138972,0.292,Not Significant,-0.12616520634238104,0.295,Not Significant
E01000855,Camden 028A,1,1310,False,0.7633587786259541,-0.1348506028631026,0.338,Not Significant,-0.12992453077515628,0.432,Not Significant
E01004734,Westminster 018A,4,1691,False,2.365464222353637,-0.13606864633743762,0.395,Not Significant,-0.1278569023371299,0.395,Not Significant
E01000937,Camden 029G,0,1119,False,0.0,-0.13652765561714397,0.439,Not Significant,-0.13140140823088944,0.474,Not Significant
E01000919,Camden 028D,0,1440,False,0.0,-0.13661258110939117,0.392,Not Significant,-0.12842080100204617,0.393,Not Significant
E01033489,Islington 022G,0,1460,False,0.0,-0.13776598679962912,0.453,Not Significant,-0.1318041929915439,0.475,Not Significant
E01033706,Hackney 033B,3,1447,False,2.073255010366275,-0.13793727707767123,0.436,Not Significant,-0.13039444632925318,0.429,Not Significant
E01004306,Tower Hamlets 015A,1,1842,False,0.5428881650380022,-0.13881099941424807,0.472,Not Significant,-0.1289846996669625,0.455,Not Significant
E01003935,Southwark 002D,0,1284,False,0.0,-0.1391663354729791,0.407,Not Significant,-0.13109931966039853,0.391,Not Significant
E01033867,Southwark 002F,0,1547,False,0.0,-0.14065106280666168,0.496,Not Significant,-0.13293199032137648,0.487,Not Significant
E01035696,Tower Hamlets 026E,1,1185,False,0.8438818565400844,-0.14071378844123625,0.339,Not Significant,-0.1333705781718669,0.35,Not Significant
E01033884,Southwark 035A,2,1102,False,1.8148820326678765,-0.14074443107301537,0.434,Not Significant,-0.1346236863161253,0.424,Not Significant
E01004736,Westminster 018C,2,1466,False,1.364256480218281,-0.14096304436752966,0.378,Not Significant,-0.1346236863161253,0.377,Not Significant
E01002703,Islington 023C,0,2341,False,0.0,-0.14104394774410153,0.406,Not Significant,-0.13542925583743431,0.361,Not Significant
E01002701,Islington 023A,0,1470,False,0.0,-0.14137566560119752,0.392,Not Significant,-0.1326097625128529,0.462,Not Significant
E01003016,Lambeth 036C,1,1203,False,0.8312551953449709,-0.14156467796397187,0.451,Not Significant,-0.1346236863161253,0.451,Not Significant
E01003939,Southwark 002E,0,1975,False,0.0,-0.14206168992339416,0.418,Not Significant,-0.1346236863161253,0.414,Not Significant
E01003929,Southwark 002B,8,1999,False,4.0020010005002495,-0.14220208584818084,0.287,Not Significant,-0.13556351742431913,0.22,Not Significant
E01003017,Lambeth 036D,1,1631,False,0.6131207847946045,-0.1425697367994559,0.469,Not Significant,-0.13575148364595788,0.461,Not Significant
E01002726,Islington 022F,0,1709,False,0.0,-0.142827912396044,0.329,Not Significant,-0.1358320405980888,0.329,Not Significant
E01003981,Southwark 006F,0,1508,False,0.0,-0.142828926747211,0.335,Not Significant,-0.1362348253587433,0.328,Not Significant
E01035688,Tower Hamlets 021I,1,1669,False,0.5991611743559018,-0.14317119445332877,0.477,Not Significant,-0.13673830630956138,0.46,Not Significant
E01032640,Southwark 035B,2,1035,False,1.932367149758454,-0.14319794863373828,0.372,Not Significant,-0.13800707830562303,0.305,Not Significant
E01032583,Southwark 034D,0,2050,False,0.0,-0.1433221920075837,0.471,Not Significant,-0.13631538231087417,0.474,Not Significant
E01033868,Southwark 002G,0,1411,False,0.0,-0.14369461769097688,0.482,Not Significant,-0.13673830630956138,0.491,Not Significant
E01001777,Hackney 033A,1,2633,False,0.379794910748196,-0.14381433506977326,0.449,Not Significant,-0.13744317964070674,0.432,Not Significant
E01003934,Southwark 002C,5,1954,False,2.5588536335721597,-0.144001587913164,0.196,Not Significant,-0.13744317964070676,0.151,Not Significant
E01033885,Southwark 036A,0,1330,False,0.0,-0.14416709820735363,0.28,Not Significant,-0.13865153392267024,0.213,Not Significant
E01002725,Islington 022E,0,1362,False,0.0,-0.14423634859646797,0.377,Not Significant,-0.13744317964070674,0.391,Not Significant
E01035689,Tower Hamlets 021J,0,1622,False,0.0,-0.1443107870160165,0.357,Not Significant,-0.13791309519480363,0.333,Not Significant
E01004311,Tower Hamlets 006A,0,1845,False,0.0,-0.144369462484097,0.373,Not Significant,-0.13800707830562303,0.366,Not Significant
E01032637,Southwark 035E,0,1048,False,0.0,-0.14440348997864372,0.469,Not Significant,-0.13885292630299748,0.398,Not Significant
E01035687,Tower Hamlets 021H,2,1749,False,1.1435105774728416,-0.14440488685634614,0.214,Not Significant,-0.13784596440136127,0.234,Not Significant
E01001784,Hackney 032A,0,1772,False,0.0,-0.14473954742697948,0.314,Not Significant,-0.13838301074890055,0.31,Not Significant
E01032834,Southwark 035C,0,1025,False,0.0,-0.14484078641119336,0.322,Not Significant,-0.1391348756354556,0.252,Not Significant
E01032582,Lambeth 036E,1,2283,False,0.43802014892685065,-0.14488602035978793,0.299,Not Significant,-0.1385709769705393,0.253,Not Significant
E01004309,Tower Hamlets 015D,1,2793,False,0.35803795202291444,-0.14491876054829117,0.142,Not Significant,-0.13838301074890055,0.133,Not Significant
E01004319,Tower Hamlets 021A,0,2506,False,0.0,-0.14521751907869893,0.22,Not Significant,-0.1390543186833247,0.195,Not Significant
E01032646,Southwark 036B,0,1515,False,0.0,-0.14522094066017935,0.239,Not Significant,-0.13932284185709437,0.176,Not Significant
E01035686,Tower Hamlets 021G,0,1512,False,0.0,-0.14523076498382723,0.349,Not Significant,-0.1385709769705393,0.364,Not Significant
E01004315,Tower Hamlets 006C,0,1580,False,0.0,-0.14524945933354652,0.217,Not Significant,-0.1390543186833247,0.192,Not Significant
E01000853,Camden 029H,0,1405,False,0.0,-0.14543831359765433,0.473,Not Significant,-0.13932284185709437,0.384,Not Significant
E01004308,Tower Hamlets 015C,0,1441,False,0.0,-0.1455705701684522,0.392,Not Significant,-0.13885292630299748,0.389,Not Significant
E01003013,Lambeth 036A,0,1947,False,0.0,-0.1455987285853497,0.352,Not Significant,-0.13885292630299748,0.368,Not Significant
E01004296,Tower Hamlets 026D,0,2430,False,0.0,-0.1456351160070272,0.353,Not Significant,-0.13955779963414283,0.244,Not Significant
E01004301,Tower Hamlets 025B,0,1420,False,0.0,-0.14582608723390014,0.248,Not Significant,-0.1396987743003719,0.16,Not Significant
E01004295,Tower Hamlets 026C,0,2003,False,0.0,-0.14582608723390014,0.281,Not Significant,-0.1396987743003719,0.166,Not Significant
E01004321,Tower Hamlets 021C,0,2146,False,0.0,-0.14585060792071258,0.141,Not Significant,-0.1394571034439792,0.131,Not Significant
E01004313,Tower Hamlets 009B,1,2125,False,0.47058823529411764,-0.1458800085214878,0.001,Not Significant,-0.13932284185709437,0.001,Not Significant
E01035668,Tower Hamlets 009E,0,2073,False,0.0,-0.14593468464019146,0.134,Not Significant,-0.1394571034439792,0.13,Not Significant
E01004208,Tower Hamlets 013C,0,1978,False,0.0,-0.14604981006036927,0.405,Not Significant,-0.13932284185709437,0.405,Not Significant
E01004312,Tower Hamlets 009A,0,1525,False,0.0,-0.14616399396944946,0.203,Not Significant,-0.1396987743003719,0.16,Not Significant
E01004322,Tower Hamlets 017A,0,1401,False,0.0,-0.14626587489277834,0.156,Not Significant,-0.1396987743003719,0.156,Not Significant
E01035649,Hackney 026H,0,1465,False,0.0,-0.14658997214139194,0.001,Not Significant,-0.14026267296528816,0.001,Not Significant
E01035712,Camden 029E,0,2457,False,0.0,-0.14658997214139194,0.001,Not Significant,-0.14026267296528816,0.001,Not Significant
E01033711,Hackney 032C,0,1912,False,0.0,-0.14658997214139194,0.001,Not Significant,-0.1402626729652882,0.001,Not Significant
E01032638,Southwark 035D,0,1102,False,0.0,-0.14658997214139194,0.001,Not Significant,-0.14026267296528816,0.001,Not Significant
E01035655,Islington 020F,0,1729,False,0.0,-0.14658997214139194,0.001,Not Significant,-0.14026267296528816,0.001,Not Significant
E01003938,Southwark 006A,0,1829,False,0.0,-0.14658997214139194,0.001,Not Significant,-0.14026267296528816,0.001,Not Significant
E01004304,Tower Hamlets 022C,0,2136,False,0.0,-0.14658997214139194,0.001,Not Significant,-0.14026267296528816,0.001,Not Significant
E01033709,Hackney 032B,0,1831,False,0.0,-0.14658997214139194,0.001,Not Significant,-0.1402626729652882,0.001,Not Significant
E01002723,Islington 022C,0,1640,False,0.0,-0.14658997214139194,0.001,Not Significant,-0.1402626729652882,0.001,Not Significant
E01035647,Hackney 026F,0,1116,False,0.0,-0.14658997214139194,0.001,Not Significant,-0.14026267296528816,0.001,Not Significant
E01032803,Southwark 036C,0,1506,False,0.0,-0.14658997214139194,0.001,Not Significant,-0.14026267296528816,0.001,Not Significant
E01035648,Hackney 026G,0,1539,False,0.0,-0.14658997214139194,0.001,Not Significant,-0.14026267296528816,0.001,Not Significant
E01002727,Islington 021C,0,1514,False,0.0,-0.14658997214139194,0.001,Not Significant,-0.14026267296528816,0.001,Not Significant
E01002802,Islington 020D,0,1852,False,0.0,-0.14658997214139194,0.001,Not Significant,-0.14026267296528816,0.001,Not Significant
E01001783,Hackney 026D,0,1606,False,0.0,-0.14658997214139194,0.001,Not Significant,-0.14026267296528816,0.001,Not Significant
E01003976,Southwark 036D,0,2395,False,0.0,-0.14658997214139194,0.001,Not Significant,-0.14026267296528816,0.001,Not Significant
E01002702,Islington 023B,0,2468,False,0.0,-0.14658997214139197,0.001,Not Significant,-0.1402626729652882,0.001,Not Significant
E01035656,Islington 020G,0,1485,False,0.0,-0.14658997214139197,0.001,Not Significant,-0.1402626729652882,0.001,Not Significant
E01002707,Islington 022B,0,1821,False,0.0,-0.14658997214139197,0.001,Not Significant,-0.1402626729652882,0.001,Not Significant
