qid,name,commodity,operator,status,start_date,end_date,source,retrieved,confidence_note,data_quality_flag
Q137938322,Dwarsrivier,,,not stated in source,,,"Wikidata (query.wikidata.org SPARQL, bbox query + named-mine verification)",2026-08-25,"Coordinates from Wikidata P625, within bbox pull, clipped to OSM Limpopo boundary",
Q32036752,Tweefontein Chrome Mine,chromium,,not stated in source,,,"Wikidata (query.wikidata.org SPARQL, bbox query + named-mine verification)",2026-08-25,"Coordinates from Wikidata P625, within bbox pull, clipped to OSM Limpopo boundary",
Q32036749,Tweefontein,chromium,,not stated in source,,,"Wikidata (query.wikidata.org SPARQL, bbox query + named-mine verification)",2026-08-25,"Coordinates from Wikidata P625, within bbox pull, clipped to OSM Limpopo boundary",
Q137925217,Tubatse Project,gold; palladium; platinum; rubidium,Nkwe Platinum,not stated in source,,,"Wikidata (query.wikidata.org SPARQL, bbox query + named-mine verification)",2026-08-25,"Coordinates from Wikidata P625, within bbox pull, clipped to OSM Limpopo boundary","Wikidata lists 'rubidium' as a commodity for this item - almost certainly a rubidium/rhodium mislabeling upstream in the source data (rubidium is not a documented Bushveld Complex product); treat as likely-intended 'rhodium', not verified as-is"
Q31949749,Mapochs Iron Ore Mine,iron ore,,not stated in source,,,"Wikidata (query.wikidata.org SPARQL, bbox query + named-mine verification)",2026-08-25,"Coordinates from Wikidata P625, within bbox pull, clipped to OSM Limpopo boundary",
Q137925093,Eastern Bushveld: Steelpoort Sector,chromium; gold; palladium; platinum; rubidium,Eastern Chrome Mines,not stated in source,,,"Wikidata (query.wikidata.org SPARQL, bbox query + named-mine verification)",2026-08-25,"Coordinates from Wikidata P625, within bbox pull, clipped to OSM Limpopo boundary","Wikidata lists 'rubidium' as a commodity for this item - almost certainly a rubidium/rhodium mislabeling upstream in the source data (rubidium is not a documented Bushveld Complex product); treat as likely-intended 'rhodium', not verified as-is"
Q137925068,Booysendal South Mine,gold; palladium; platinum; rubidium,Northam Platinum,not stated in source,,,"Wikidata (query.wikidata.org SPARQL, bbox query + named-mine verification)",2026-08-25,"Coordinates from Wikidata P625, within bbox pull, clipped to OSM Limpopo boundary","Wikidata lists 'rubidium' as a commodity for this item - almost certainly a rubidium/rhodium mislabeling upstream in the source data (rubidium is not a documented Bushveld Complex product); treat as likely-intended 'rhodium', not verified as-is"
Q137938397,Nkwe-Garatau Project,,,not stated in source,,,"Wikidata (query.wikidata.org SPARQL, bbox query + named-mine verification)",2026-08-25,"Coordinates from Wikidata P625, within bbox pull, clipped to OSM Limpopo boundary",
Q15256582,Mototolo mine,platinum,Glencore,not stated in source,,,"Wikidata (query.wikidata.org SPARQL, bbox query + named-mine verification)",2026-08-25,"Coordinates from Wikidata P625, within bbox pull, clipped to OSM Limpopo boundary",
Q137938325,Eastern Bushveld Sector: Merensky Reef,,,not stated in source,,,"Wikidata (query.wikidata.org SPARQL, bbox query + named-mine verification)",2026-08-25,"Coordinates from Wikidata P625, within bbox pull, clipped to OSM Limpopo boundary",
Q137938470,Two Rivers Platinum Mine,,,not stated in source,,,"Wikidata (query.wikidata.org SPARQL, bbox query + named-mine verification)",2026-08-25,"Coordinates from Wikidata P625, within bbox pull, clipped to OSM Limpopo boundary",
Q137925135,Kennedy's Vale,chromium; gold; palladium; platinum; rubidium,Rhodium Reefs Ltd.,not stated in source,,,"Wikidata (query.wikidata.org SPARQL, bbox query + named-mine verification)",2026-08-25,"Coordinates from Wikidata P625, within bbox pull, clipped to OSM Limpopo boundary","Wikidata lists 'rubidium' as a commodity for this item - almost certainly a rubidium/rhodium mislabeling upstream in the source data (rubidium is not a documented Bushveld Complex product); treat as likely-intended 'rhodium', not verified as-is"
Q137925087,Der Brochen Project,gold; palladium; platinum; rubidium,Rustenburg Platinum Mines,not stated in source,,,"Wikidata (query.wikidata.org SPARQL, bbox query + named-mine verification)",2026-08-25,"Coordinates from Wikidata P625, within bbox pull, clipped to OSM Limpopo boundary","Wikidata lists 'rubidium' as a commodity for this item - almost certainly a rubidium/rhodium mislabeling upstream in the source data (rubidium is not a documented Bushveld Complex product); treat as likely-intended 'rhodium', not verified as-is"
Q137925115,Grootboom Project,gold; palladium; platinum; rubidium,Platmin Limited,not stated in source,,,"Wikidata (query.wikidata.org SPARQL, bbox query + named-mine verification)",2026-08-25,"Coordinates from Wikidata P625, within bbox pull, clipped to OSM Limpopo boundary","Wikidata lists 'rubidium' as a commodity for this item - almost certainly a rubidium/rhodium mislabeling upstream in the source data (rubidium is not a documented Bushveld Complex product); treat as likely-intended 'rhodium', not verified as-is"
Q137944241,Burgersfort Project,nickel,,not stated in source,,,"Wikidata (query.wikidata.org SPARQL, bbox query + named-mine verification)",2026-08-25,"Coordinates from Wikidata P625, within bbox pull, clipped to OSM Limpopo boundary",
Q137938316,Doornbosch Plant,,,not stated in source,,,"Wikidata (query.wikidata.org SPARQL, bbox query + named-mine verification)",2026-08-25,"Coordinates from Wikidata P625, within bbox pull, clipped to OSM Limpopo boundary",
Q137938384,Modikwa,,,not stated in source,,,"Wikidata (query.wikidata.org SPARQL, bbox query + named-mine verification)",2026-08-25,"Coordinates from Wikidata P625, within bbox pull, clipped to OSM Limpopo boundary",
Q31957386,Montrose Chrome Mine,chromium,,not stated in source,,,"Wikidata (query.wikidata.org SPARQL, bbox query + named-mine verification)",2026-08-25,"Coordinates from Wikidata P625, within bbox pull, clipped to OSM Limpopo boundary",
Q137925066,Booysendal,gold; palladium; platinum; rubidium,Booysendal Platinum Mine (Pty) Ltd,not stated in source,,,"Wikidata (query.wikidata.org SPARQL, bbox query + named-mine verification)",2026-08-25,"Coordinates from Wikidata P625, within bbox pull, clipped to OSM Limpopo boundary","Wikidata lists 'rubidium' as a commodity for this item - almost certainly a rubidium/rhodium mislabeling upstream in the source data (rubidium is not a documented Bushveld Complex product); treat as likely-intended 'rhodium', not verified as-is"
Q137925089,Dilokong,chromium; gold; palladium; platinum; rubidium,ASA Metals (Pty) Ltd.,not stated in source,,,"Wikidata (query.wikidata.org SPARQL, bbox query + named-mine verification)",2026-08-25,"Coordinates from Wikidata P625, within bbox pull, clipped to OSM Limpopo boundary","Wikidata lists 'rubidium' as a commodity for this item - almost certainly a rubidium/rhodium mislabeling upstream in the source data (rubidium is not a documented Bushveld Complex product); treat as likely-intended 'rhodium', not verified as-is"
Q31985382,Penge,,,not stated in source,,,"Wikidata (query.wikidata.org SPARQL, bbox query + named-mine verification)",2026-08-25,"Coordinates from Wikidata P625, within bbox pull, clipped to OSM Limpopo boundary",
Q137925144,Lesego Platinum Project,gold; palladium; platinum; rubidium,Lesego Platinum Mining (Pty) Ltd,not stated in source,,,"Wikidata (query.wikidata.org SPARQL, bbox query + named-mine verification)",2026-08-25,"Coordinates from Wikidata P625, within bbox pull, clipped to OSM Limpopo boundary","Wikidata lists 'rubidium' as a commodity for this item - almost certainly a rubidium/rhodium mislabeling upstream in the source data (rubidium is not a documented Bushveld Complex product); treat as likely-intended 'rhodium', not verified as-is"
Q137925222,Ug2 Chromitite Layer: Eastern Bushveld,gold; palladium; platinum; rubidium,Bantu Mining Corporation,not stated in source,,,"Wikidata (query.wikidata.org SPARQL, bbox query + named-mine verification)",2026-08-25,"Coordinates from Wikidata P625, within bbox pull, clipped to OSM Limpopo boundary","Wikidata lists 'rubidium' as a commodity for this item - almost certainly a rubidium/rhodium mislabeling upstream in the source data (rubidium is not a documented Bushveld Complex product); treat as likely-intended 'rhodium', not verified as-is"
Q137925146,Maandagshoek; Groothoek Chrome Mine,chromium; gold; palladium; platinum; rubidium,General Mining,not stated in source,,,"Wikidata (query.wikidata.org SPARQL, bbox query + named-mine verification)",2026-08-25,"Coordinates from Wikidata P625, within bbox pull, clipped to OSM Limpopo boundary","Wikidata lists 'rubidium' as a commodity for this item - almost certainly a rubidium/rhodium mislabeling upstream in the source data (rubidium is not a documented Bushveld Complex product); treat as likely-intended 'rhodium', not verified as-is"
Q16999554,Marula mine,platinum,,not stated in source,,,"Wikidata (query.wikidata.org SPARQL, bbox query + named-mine verification)",2026-08-25,"Coordinates from Wikidata P625, within bbox pull, clipped to OSM Limpopo boundary",
Q137925091,Dwaalkop Project (Phase 2),gold; palladium; platinum; rubidium,Northam,not stated in source,,,"Wikidata (query.wikidata.org SPARQL, bbox query + named-mine verification)",2026-08-25,"Coordinates from Wikidata P625, within bbox pull, clipped to OSM Limpopo boundary","Wikidata lists 'rubidium' as a commodity for this item - almost certainly a rubidium/rhodium mislabeling upstream in the source data (rubidium is not a documented Bushveld Complex product); treat as likely-intended 'rhodium', not verified as-is"
Q137925057,Bauba Platinum Project,gold; palladium; platinum; rubidium,Bauba Platinum Limited,not stated in source,,,"Wikidata (query.wikidata.org SPARQL, bbox query + named-mine verification)",2026-08-25,"Coordinates from Wikidata P625, within bbox pull, clipped to OSM Limpopo boundary","Wikidata lists 'rubidium' as a commodity for this item - almost certainly a rubidium/rhodium mislabeling upstream in the source data (rubidium is not a documented Bushveld Complex product); treat as likely-intended 'rhodium', not verified as-is"
Q137925221,Twickenham Mine,gold; palladium; platinum; rubidium,Anglo American Platinum,not stated in source,,,"Wikidata (query.wikidata.org SPARQL, bbox query + named-mine verification)",2026-08-25,"Coordinates from Wikidata P625, within bbox pull, clipped to OSM Limpopo boundary","Wikidata lists 'rubidium' as a commodity for this item - almost certainly a rubidium/rhodium mislabeling upstream in the source data (rubidium is not a documented Bushveld Complex product); treat as likely-intended 'rhodium', not verified as-is"
Q137925064,Bokoni Platinum Mine (Merensky Reef: Eastern Bushveld),gold; palladium; platinum; rubidium,African Rainbow Minerals,not stated in source,,,"Wikidata (query.wikidata.org SPARQL, bbox query + named-mine verification)",2026-08-25,"Coordinates from Wikidata P625, within bbox pull, clipped to OSM Limpopo boundary","Wikidata lists 'rubidium' as a commodity for this item - almost certainly a rubidium/rhodium mislabeling upstream in the source data (rubidium is not a documented Bushveld Complex product); treat as likely-intended 'rhodium', not verified as-is"
Q137842509,Liger PGM Project,tin,Platfields,not stated in source,,,"Wikidata (query.wikidata.org SPARQL, bbox query + named-mine verification)",2026-08-25,"Coordinates from Wikidata P625, within bbox pull, clipped to OSM Limpopo boundary",
Q137925045,Atok Mine (Bokoni),gold; palladium; platinum; rubidium,African Rainbow Minerals,not stated in source,,,"Wikidata (query.wikidata.org SPARQL, bbox query + named-mine verification)",2026-08-25,"Coordinates from Wikidata P625, within bbox pull, clipped to OSM Limpopo boundary","Wikidata lists 'rubidium' as a commodity for this item - almost certainly a rubidium/rhodium mislabeling upstream in the source data (rubidium is not a documented Bushveld Complex product); treat as likely-intended 'rhodium', not verified as-is"
Q32042877,Witkop Silica Mine,,,not stated in source,,,"Wikidata (query.wikidata.org SPARQL, bbox query + named-mine verification)",2026-08-25,"Coordinates from Wikidata P625, within bbox pull, clipped to OSM Limpopo boundary",
Q31936506,Kusasa Mine,,,not stated in source,,,"Wikidata (query.wikidata.org SPARQL, bbox query + named-mine verification)",2026-08-25,"Coordinates from Wikidata P625, within bbox pull, clipped to OSM Limpopo boundary",
Q32037742,Union Mica Mine,,,not stated in source,,,"Wikidata (query.wikidata.org SPARQL, bbox query + named-mine verification)",2026-08-25,"Coordinates from Wikidata P625, within bbox pull, clipped to OSM Limpopo boundary",
Q20971134,Q20971134,,,not stated in source,,,"Wikidata (query.wikidata.org SPARQL, bbox query + named-mine verification)",2026-08-25,"Coordinates from Wikidata P625, within bbox pull, clipped to OSM Limpopo boundary",
Q137942209,Phalaborwa tailings,periodic table,,not stated in source,,,"Wikidata (query.wikidata.org SPARQL, bbox query + named-mine verification)",2026-08-25,"Coordinates from Wikidata P625, within bbox pull, clipped to OSM Limpopo boundary",
Q32028403,The Cobra,,,not stated in source,,,"Wikidata (query.wikidata.org SPARQL, bbox query + named-mine verification)",2026-08-25,"Coordinates from Wikidata P625, within bbox pull, clipped to OSM Limpopo boundary",
Q137925176,Palabora,copper; gold; palladium; platinum; rubidium,Palabora Copper (Pty) Limited,not stated in source,,,"Wikidata (query.wikidata.org SPARQL, bbox query + named-mine verification)",2026-08-25,"Coordinates from Wikidata P625, within bbox pull, clipped to OSM Limpopo boundary","Wikidata lists 'rubidium' as a commodity for this item - almost certainly a rubidium/rhodium mislabeling upstream in the source data (rubidium is not a documented Bushveld Complex product); treat as likely-intended 'rhodium', not verified as-is"
Q31974052,Nyala,,,not stated in source,,,"Wikidata (query.wikidata.org SPARQL, bbox query + named-mine verification)",2026-08-25,"Coordinates from Wikidata P625, within bbox pull, clipped to OSM Limpopo boundary",
Q137925104,Ga-Phasha Pgm Project,gold; palladium; platinum; rubidium,Anooraq Resources Corporation,not stated in source,,,"Wikidata (query.wikidata.org SPARQL, bbox query + named-mine verification)",2026-08-25,"Coordinates from Wikidata P625, within bbox pull, clipped to OSM Limpopo boundary","Wikidata lists 'rubidium' as a commodity for this item - almost certainly a rubidium/rhodium mislabeling upstream in the source data (rubidium is not a documented Bushveld Complex product); treat as likely-intended 'rhodium', not verified as-is"
Q31919765,Heuningfontein,,,not stated in source,,,"Wikidata (query.wikidata.org SPARQL, bbox query + named-mine verification)",2026-08-25,"Coordinates from Wikidata P625, within bbox pull, clipped to OSM Limpopo boundary",
Q7919717,Venetia Diamond Mine,diamond,De Beers,not stated in source,,,"Wikidata (query.wikidata.org SPARQL, bbox query + named-mine verification)",2026-08-25,"Coordinates from Wikidata P625, within bbox pull, clipped to OSM Limpopo boundary",
Q31877978,Baobab Minerals,,,not stated in source,,,"Wikidata (query.wikidata.org SPARQL, bbox query + named-mine verification)",2026-08-25,"Coordinates from Wikidata P625, within bbox pull, clipped to OSM Limpopo boundary",
Q31888263,Campbell Mine,,,not stated in source,,,"Wikidata (query.wikidata.org SPARQL, bbox query + named-mine verification)",2026-08-25,"Coordinates from Wikidata P625, within bbox pull, clipped to OSM Limpopo boundary",
Q32015660,Sandrivier,,,not stated in source,,,"Wikidata (query.wikidata.org SPARQL, bbox query + named-mine verification)",2026-08-25,"Coordinates from Wikidata P625, within bbox pull, clipped to OSM Limpopo boundary",
Q109809876,Messina Mine,copper,,not stated in source,1905-01-01T00:00:00Z,,"Wikidata (query.wikidata.org SPARQL, bbox query + named-mine verification)",2026-08-25,"Coordinates from Wikidata P625, within bbox pull, clipped to OSM Limpopo boundary",
Q31872186,Artonvilla,,,not stated in source,,,"Wikidata (query.wikidata.org SPARQL, bbox query + named-mine verification)",2026-08-25,"Coordinates from Wikidata P625, within bbox pull, clipped to OSM Limpopo boundary",
Q31950717,Maryland,,,not stated in source,,,"Wikidata (query.wikidata.org SPARQL, bbox query + named-mine verification)",2026-08-25,"Coordinates from Wikidata P625, within bbox pull, clipped to OSM Limpopo boundary",
Q16968863,Vele coal mine,coal,,not stated in source,,,"Wikidata (query.wikidata.org SPARQL, bbox query + named-mine verification)",2026-08-25,"Coordinates from Wikidata P625, within bbox pull, clipped to OSM Limpopo boundary",
Q32010972,Rustenburg Platinum Mines,,Anglo American Platinum,not stated in source,,,"Wikidata (query.wikidata.org SPARQL, bbox query + named-mine verification)",2026-08-25,"Coordinates from Wikidata P625, within bbox pull, clipped to OSM Limpopo boundary",
Q31929287,Kalkheuwel,,,not stated in source,,,"Wikidata (query.wikidata.org SPARQL, bbox query + named-mine verification)",2026-08-25,"Coordinates from Wikidata P625, within bbox pull, clipped to OSM Limpopo boundary",
Q16971652,Springbok Flats mine,uranium; uranium ore,,not stated in source,,,"Wikidata (query.wikidata.org SPARQL, bbox query + named-mine verification)",2026-08-25,"Coordinates from Wikidata P625, within bbox pull, clipped to OSM Limpopo boundary",
Q31959020,Mountain Minerals,,,not stated in source,,,"Wikidata (query.wikidata.org SPARQL, bbox query + named-mine verification)",2026-08-25,"Coordinates from Wikidata P625, within bbox pull, clipped to OSM Limpopo boundary",
Q31970785,Nieupoort,,,not stated in source,,,"Wikidata (query.wikidata.org SPARQL, bbox query + named-mine verification)",2026-08-25,"Coordinates from Wikidata P625, within bbox pull, clipped to OSM Limpopo boundary",
Q137925043,Amandelbult,gold; palladium; platinum; rubidium,Rustenburg Platinum Mines Ltd,not stated in source,,,"Wikidata (query.wikidata.org SPARQL, bbox query + named-mine verification)",2026-08-25,"Coordinates from Wikidata P625, within bbox pull, clipped to OSM Limpopo boundary","Wikidata lists 'rubidium' as a commodity for this item - almost certainly a rubidium/rhodium mislabeling upstream in the source data (rubidium is not a documented Bushveld Complex product); treat as likely-intended 'rhodium', not verified as-is"
Q137938312,Dishaba Mine,,,not stated in source,,,"Wikidata (query.wikidata.org SPARQL, bbox query + named-mine verification)",2026-08-25,"Coordinates from Wikidata P625, within bbox pull, clipped to OSM Limpopo boundary",
Q1921596,Merensky Reef,,,not stated in source,,,"Wikidata (query.wikidata.org SPARQL, bbox query + named-mine verification)",2026-08-25,"Coordinates from Wikidata P625, within bbox pull, clipped to OSM Limpopo boundary",
Q32007337,Rhenosterkloof,,,not stated in source,,,"Wikidata (query.wikidata.org SPARQL, bbox query + named-mine verification)",2026-08-25,"Coordinates from Wikidata P625, within bbox pull, clipped to OSM Limpopo boundary",
Q137938488,Volspruit Platinum Project,,,not stated in source,,,"Wikidata (query.wikidata.org SPARQL, bbox query + named-mine verification)",2026-08-25,"Coordinates from Wikidata P625, within bbox pull, clipped to OSM Limpopo boundary",
Q137925113,Grasvally Chrome Mine,chromium; gold; palladium; platinum; rubidium,Samancor,not stated in source,,,"Wikidata (query.wikidata.org SPARQL, bbox query + named-mine verification)",2026-08-25,"Coordinates from Wikidata P625, within bbox pull, clipped to OSM Limpopo boundary","Wikidata lists 'rubidium' as a commodity for this item - almost certainly a rubidium/rhodium mislabeling upstream in the source data (rubidium is not a documented Bushveld Complex product); treat as likely-intended 'rhodium', not verified as-is"
Q137925189,Rooipoort Platinum Project,gold; palladium; platinum; rubidium,Eersteling,not stated in source,,,"Wikidata (query.wikidata.org SPARQL, bbox query + named-mine verification)",2026-08-25,"Coordinates from Wikidata P625, within bbox pull, clipped to OSM Limpopo boundary","Wikidata lists 'rubidium' as a commodity for this item - almost certainly a rubidium/rhodium mislabeling upstream in the source data (rubidium is not a documented Bushveld Complex product); treat as likely-intended 'rhodium', not verified as-is"
Q137944242,Zebediela Nickel Project,nickel,,not stated in source,,,"Wikidata (query.wikidata.org SPARQL, bbox query + named-mine verification)",2026-08-25,"Coordinates from Wikidata P625, within bbox pull, clipped to OSM Limpopo boundary",
Q137925181,Platreef Project,gold; palladium; platinum; rubidium,Ivanhoe Mines,not stated in source,,,"Wikidata (query.wikidata.org SPARQL, bbox query + named-mine verification)",2026-08-25,"Coordinates from Wikidata P625, within bbox pull, clipped to OSM Limpopo boundary","Wikidata lists 'rubidium' as a commodity for this item - almost certainly a rubidium/rhodium mislabeling upstream in the source data (rubidium is not a documented Bushveld Complex product); treat as likely-intended 'rhodium', not verified as-is"
Q137925153,Mogalakwena,gold; palladium; platinum; rubidium,Anglo American Platinum,not stated in source,,,"Wikidata (query.wikidata.org SPARQL, bbox query + named-mine verification)",2026-08-25,"Coordinates from Wikidata P625, within bbox pull, clipped to OSM Limpopo boundary","Wikidata lists 'rubidium' as a commodity for this item - almost certainly a rubidium/rhodium mislabeling upstream in the source data (rubidium is not a documented Bushveld Complex product); treat as likely-intended 'rhodium', not verified as-is"
Q107148404,Eersteling Gold Mine,gold,,not stated in source,,,"Wikidata (query.wikidata.org SPARQL, bbox query + named-mine verification)",2026-08-25,"Coordinates from Wikidata P625, within bbox pull, clipped to OSM Limpopo boundary",
Q137925244,Zondernaam Project,gold; palladium; platinum; rubidium,Sibanye-Stillwater,not stated in source,,,"Wikidata (query.wikidata.org SPARQL, bbox query + named-mine verification)",2026-08-25,"Coordinates from Wikidata P625, within bbox pull, clipped to OSM Limpopo boundary","Wikidata lists 'rubidium' as a commodity for this item - almost certainly a rubidium/rhodium mislabeling upstream in the source data (rubidium is not a documented Bushveld Complex product); treat as likely-intended 'rhodium', not verified as-is"
Q137938466,Tumela Mine,,,not stated in source,,,"Wikidata (query.wikidata.org SPARQL, bbox query + named-mine verification)",2026-08-25,"Coordinates from Wikidata P625, within bbox pull, clipped to OSM Limpopo boundary",
Q32058891,Zwartkop Mine,chromium,,not stated in source,,,"Wikidata (query.wikidata.org SPARQL, bbox query + named-mine verification)",2026-08-25,"Coordinates from Wikidata P625, within bbox pull, clipped to OSM Limpopo boundary",
Q137925242,Zondereinde Mine,gold; palladium; platinum; rubidium,Northam Platinum,not stated in source,,,"Wikidata (query.wikidata.org SPARQL, bbox query + named-mine verification)",2026-08-25,"Coordinates from Wikidata P625, within bbox pull, clipped to OSM Limpopo boundary","Wikidata lists 'rubidium' as a commodity for this item - almost certainly a rubidium/rhodium mislabeling upstream in the source data (rubidium is not a documented Bushveld Complex product); treat as likely-intended 'rhodium', not verified as-is"
Q137925175,PGM / Other Metals,gold; palladium; platinum; rubidium,Encampment Minerals,not stated in source,,,"Wikidata (query.wikidata.org SPARQL, bbox query + named-mine verification)",2026-08-25,"Coordinates from Wikidata P625, within bbox pull, clipped to OSM Limpopo boundary","Wikidata lists 'rubidium' as a commodity for this item - almost certainly a rubidium/rhodium mislabeling upstream in the source data (rubidium is not a documented Bushveld Complex product); treat as likely-intended 'rhodium', not verified as-is"
Q31917297,Glenover,,,not stated in source,,,"Wikidata (query.wikidata.org SPARQL, bbox query + named-mine verification)",2026-08-25,"Coordinates from Wikidata P625, within bbox pull, clipped to OSM Limpopo boundary",
Q31918068,Groenfontein Mine,,,not stated in source,,,"Wikidata (query.wikidata.org SPARQL, bbox query + named-mine verification)",2026-08-25,"Coordinates from Wikidata P625, within bbox pull, clipped to OSM Limpopo boundary",
Q31972236,Northern Prospecting Platinum Mine,,,not stated in source,,,"Wikidata (query.wikidata.org SPARQL, bbox query + named-mine verification)",2026-08-25,"Coordinates from Wikidata P625, within bbox pull, clipped to OSM Limpopo boundary",
Q137925041,Akanani Platinum Project,gold; palladium; platinum; rubidium,Lonmin,not stated in source,,,"Wikidata (query.wikidata.org SPARQL, bbox query + named-mine verification)",2026-08-25,"Coordinates from Wikidata P625, within bbox pull, clipped to OSM Limpopo boundary","Wikidata lists 'rubidium' as a commodity for this item - almost certainly a rubidium/rhodium mislabeling upstream in the source data (rubidium is not a documented Bushveld Complex product); treat as likely-intended 'rhodium', not verified as-is"
Q137938429,Platreef,,,not stated in source,,,"Wikidata (query.wikidata.org SPARQL, bbox query + named-mine verification)",2026-08-25,"Coordinates from Wikidata P625, within bbox pull, clipped to OSM Limpopo boundary",
Q137925063,Boikgantsho Project,gold; palladium; platinum; rubidium,Atlatsa Resources,not stated in source,,,"Wikidata (query.wikidata.org SPARQL, bbox query + named-mine verification)",2026-08-25,"Coordinates from Wikidata P625, within bbox pull, clipped to OSM Limpopo boundary","Wikidata lists 'rubidium' as a commodity for this item - almost certainly a rubidium/rhodium mislabeling upstream in the source data (rubidium is not a documented Bushveld Complex product); treat as likely-intended 'rhodium', not verified as-is"
Q15222177,Grootegeluk Coal Mine,lignite; metallurgical coal,,not stated in source,,,"Wikidata (query.wikidata.org SPARQL, bbox query + named-mine verification)",2026-08-25,"Coordinates from Wikidata P625, within bbox pull, clipped to OSM Limpopo boundary",
Q137925058,Berg Pgm Project,gold; palladium; platinum; rubidium,Platinum Group Metals Ltd.,not stated in source,,,"Wikidata (query.wikidata.org SPARQL, bbox query + named-mine verification)",2026-08-25,"Coordinates from Wikidata P625, within bbox pull, clipped to OSM Limpopo boundary","Wikidata lists 'rubidium' as a commodity for this item - almost certainly a rubidium/rhodium mislabeling upstream in the source data (rubidium is not a documented Bushveld Complex product); treat as likely-intended 'rhodium', not verified as-is"
Q137925230,Waterberg Platinum Project,gold; palladium; platinum; rubidium,Platinum Group,not stated in source,,,"Wikidata (query.wikidata.org SPARQL, bbox query + named-mine verification)",2026-08-25,"Coordinates from Wikidata P625, within bbox pull, clipped to OSM Limpopo boundary","Wikidata lists 'rubidium' as a commodity for this item - almost certainly a rubidium/rhodium mislabeling upstream in the source data (rubidium is not a documented Bushveld Complex product); treat as likely-intended 'rhodium', not verified as-is"
Q137925120,Harriet's Wish Project,gold; palladium; platinum; rubidium,Hacra Mining and Exploration (Pty) Ltd.,not stated in source,,,"Wikidata (query.wikidata.org SPARQL, bbox query + named-mine verification)",2026-08-25,"Coordinates from Wikidata P625, within bbox pull, clipped to OSM Limpopo boundary","Wikidata lists 'rubidium' as a commodity for this item - almost certainly a rubidium/rhodium mislabeling upstream in the source data (rubidium is not a documented Bushveld Complex product); treat as likely-intended 'rhodium', not verified as-is"
,Thabazimbi Iron Ore Mine,iron ore,"ArcelorMittal South Africa (transferred from Kumba Iron Ore/Anglo American, 2017)",closed/ended 2016-09-01,,2016-09-01,Mining Review / Miningmx / Anglo American Kumba press coverage (no Wikidata item exists),2026-08-25,Coordinates proxied from the Thabazimbi TOWN Wikidata item (Q3643767) - no mine-specific coordinate exists in any source checked; town-level location only,
