qid,name,designation,boundary_type,area_ha_wikidata,area_ha_computed,connectivity_note,source,retrieved,confidence_note
,Mapungubwe National Park,National Park,polygon (OSM),,19818.89863311354,"Core of the Greater Mapungubwe Transfrontier Conservation Area (GMTFCA) - documented fence-removal network with Northern Tuli Game Reserve (Botswana) and Tuli Circle Safari Area (Zimbabwe), at the Limpopo/Shashe river confluence.",OpenStreetMap R2522270,2026-08-25,Real OSM boundary polygon - computed area is a direct measurement
,Musina Nature Reserve (Baobab Forest Reserve),Provincial Nature Reserve,polygon (OSM),,4976.358383316211,"Adjacent to Mapungubwe National Park near the Zimbabwe border; plausible stepping-stone within the broader Mapungubwe/GMTFCA landscape, not itself part of the documented GMTFCA fence-removal footprint per the sources checked.",OpenStreetMap W1228491103,2026-08-25,Real OSM boundary polygon - computed area is a direct measurement
,Blouberg Nature Reserve,Provincial Nature Reserve,polygon (OSM),,9374.841333435234,"Northern Soutpansberg-adjacent highland reserve; potential stepping-stone between Mapungubwe/GMTFCA and the Soutpansberg range - not a documented corridor, flagged as an inferred linkage candidate only.",OpenStreetMap W559509165,2026-08-25,Real OSM boundary polygon - computed area is a direct measurement
,Waterberg Biosphere Reserve,UNESCO Biosphere Reserve,polygon (OSM),,662366.3074932069,Designation stacked over the Waterberg massif (including Marakele NP); UNESCO Man and the Biosphere designation - year/hectares to be confirmed against unesco.org rather than assumed.,OpenStreetMap R15650480,2026-08-25,Real OSM boundary polygon - computed area is a direct measurement
,Kruger National Park,National Park,polygon (OSM),,986584.4239904552,"Core of the Great Limpopo Transfrontier Park/GLTFCA (fence-removal network with Limpopo National Park, Mozambique, and Gonarezhou, Zimbabwe) - documented, see safari-upscaling-coa-valley-limpopo.md for verified GLTFCA figures. Spans Limpopo and Mpumalanga provinces; only the Limpopo portion is retained after clipping.",OpenStreetMap R1752987,2026-08-25,Real OSM boundary polygon - computed area is a direct measurement
,Marakele National Park,National Park,polygon (OSM),,66984.4307809083,Waterberg massif core protected area; not part of a documented transfrontier corridor mechanism in the sources checked for this study - isolated relative to the GLTFCA/GMTFCA network to its north and east.,OpenStreetMap R2608453,2026-08-25,Real OSM boundary polygon - computed area is a direct measurement
,Nylsvley Nature Reserve,Provincial Nature Reserve / Ramsar wetland,polygon (OSM),,3386.7469562618635,"Nyl River floodplain wetland, well south of the main Limpopo conservation cluster - geographically isolated from the GLTFCA/GMTFCA network.",OpenStreetMap R2766210,2026-08-25,Real OSM boundary polygon - computed area is a direct measurement
Q5380080,Entabeni Game Reserve,game reserve,point (Wikidata P625),,0.0,,"Wikidata (query.wikidata.org SPARQL, bbox query)",2026-08-25,"Wikidata point coordinate only, no boundary polygon - computed area not meaningful (a point has zero area); rely on area_ha_wikidata (P2046) if present, else unknown"
Q6488096,Lapalala Wilderness,game reserve; protected area,point (Wikidata P625),48000,0.0,,"Wikidata (query.wikidata.org SPARQL, bbox query)",2026-08-25,"Wikidata point coordinate only, no boundary polygon - computed area not meaningful (a point has zero area); rely on area_ha_wikidata (P2046) if present, else unknown"
Q7225919,Polokwane Game Reserve,protected area,point (Wikidata P625),,0.0,,"Wikidata (query.wikidata.org SPARQL, bbox query)",2026-08-25,"Wikidata point coordinate only, no boundary polygon - computed area not meaningful (a point has zero area); rely on area_ha_wikidata (P2046) if present, else unknown"
Q106307242,Waterberg Natuurpraal,protected area; resort,point (Wikidata P625),,0.0,,"Wikidata (query.wikidata.org SPARQL, bbox query)",2026-08-25,"Wikidata point coordinate only, no boundary polygon - computed area not meaningful (a point has zero area); rely on area_ha_wikidata (P2046) if present, else unknown"
Q31985533,Percy Fyfe Nature Reserve,nature reserve,point (Wikidata P625),,0.0,,"Wikidata (query.wikidata.org SPARQL, bbox query)",2026-08-25,"Wikidata point coordinate only, no boundary polygon - computed area not meaningful (a point has zero area); rely on area_ha_wikidata (P2046) if present, else unknown"
Q31936511,Kuschke Nature Reserve,nature reserve,point (Wikidata P625),,0.0,,"Wikidata (query.wikidata.org SPARQL, bbox query)",2026-08-25,"Wikidata point coordinate only, no boundary polygon - computed area not meaningful (a point has zero area); rely on area_ha_wikidata (P2046) if present, else unknown"
Q2071706,Makapansgat,archaeological site; paleontological site,point (Wikidata P625),55000,0.0,,"Wikidata (query.wikidata.org SPARQL, bbox query)",2026-08-25,"Wikidata point coordinate only, no boundary polygon - computed area not meaningful (a point has zero area); rely on area_ha_wikidata (P2046) if present, else unknown"
Q31915089,Fairfield Privaatnatuurreserwe,nature reserve,point (Wikidata P625),,0.0,,"Wikidata (query.wikidata.org SPARQL, bbox query)",2026-08-25,"Wikidata point coordinate only, no boundary polygon - computed area not meaningful (a point has zero area); rely on area_ha_wikidata (P2046) if present, else unknown"
Q5297238,Doorndraai Dam Nature Reserve,nature reserve,point (Wikidata P625),,0.0,,"Wikidata (query.wikidata.org SPARQL, bbox query)",2026-08-25,"Wikidata point coordinate only, no boundary polygon - computed area not meaningful (a point has zero area); rely on area_ha_wikidata (P2046) if present, else unknown"
Q31873160,Austin Roberts Privaatnatuurreserwe,nature reserve,point (Wikidata P625),,0.0,,"Wikidata (query.wikidata.org SPARQL, bbox query)",2026-08-25,"Wikidata point coordinate only, no boundary polygon - computed area not meaningful (a point has zero area); rely on area_ha_wikidata (P2046) if present, else unknown"
Q4813578,Atherstone Nature Reserve,protected area,point (Wikidata P625),23500,0.0,,"Wikidata (query.wikidata.org SPARQL, bbox query)",2026-08-25,"Wikidata point coordinate only, no boundary polygon - computed area not meaningful (a point has zero area); rely on area_ha_wikidata (P2046) if present, else unknown"
Q31919239,Hanover Privaatnatuurreserwe,nature reserve,point (Wikidata P625),,0.0,,"Wikidata (query.wikidata.org SPARQL, bbox query)",2026-08-25,"Wikidata point coordinate only, no boundary polygon - computed area not meaningful (a point has zero area); rely on area_ha_wikidata (P2046) if present, else unknown"
Q1252698,Mabula Game Reserve,protected area,point (Wikidata P625),,0.0,,"Wikidata (query.wikidata.org SPARQL, bbox query)",2026-08-25,"Wikidata point coordinate only, no boundary polygon - computed area not meaningful (a point has zero area); rely on area_ha_wikidata (P2046) if present, else unknown"
Q1252665,Mabalingwe Game Reserve,protected area,point (Wikidata P625),,0.0,,"Wikidata (query.wikidata.org SPARQL, bbox query)",2026-08-25,"Wikidata point coordinate only, no boundary polygon - computed area not meaningful (a point has zero area); rely on area_ha_wikidata (P2046) if present, else unknown"
Q31913260,El Dorado Privaatnatuurreserwe,nature reserve,point (Wikidata P625),,0.0,,"Wikidata (query.wikidata.org SPARQL, bbox query)",2026-08-25,"Wikidata point coordinate only, no boundary polygon - computed area not meaningful (a point has zero area); rely on area_ha_wikidata (P2046) if present, else unknown"
Q7980987,Welgevonden Game Reserve,protected area,point (Wikidata P625),,0.0,,"Wikidata (query.wikidata.org SPARQL, bbox query)",2026-08-25,"Wikidata point coordinate only, no boundary polygon - computed area not meaningful (a point has zero area); rely on area_ha_wikidata (P2046) if present, else unknown"
Q106291416,Masebe Nature Reserve,nature reserve; protected area,point (Wikidata P625),4500,0.0,,"Wikidata (query.wikidata.org SPARQL, bbox query)",2026-08-25,"Wikidata point coordinate only, no boundary polygon - computed area not meaningful (a point has zero area); rely on area_ha_wikidata (P2046) if present, else unknown"
Q28223119,Mapesu Private Game Reserve,protected area,point (Wikidata P625),,0.0,,"Wikidata (query.wikidata.org SPARQL, bbox query)",2026-08-25,"Wikidata point coordinate only, no boundary polygon - computed area not meaningful (a point has zero area); rely on area_ha_wikidata (P2046) if present, else unknown"
Q7919719,Venetia Limpopo Nature Reserve,nature reserve,point (Wikidata P625),,0.0,,"Wikidata (query.wikidata.org SPARQL, bbox query)",2026-08-25,"Wikidata point coordinate only, no boundary polygon - computed area not meaningful (a point has zero area); rely on area_ha_wikidata (P2046) if present, else unknown"
Q31942079,Langjan Natuur Reservatt,nature reserve,point (Wikidata P625),,0.0,,"Wikidata (query.wikidata.org SPARQL, bbox query)",2026-08-25,"Wikidata point coordinate only, no boundary polygon - computed area not meaningful (a point has zero area); rely on area_ha_wikidata (P2046) if present, else unknown"
Q31881319,Blouberg Privaatnatuurreserwe,nature reserve,point (Wikidata P625),,0.0,,"Wikidata (query.wikidata.org SPARQL, bbox query)",2026-08-25,"Wikidata point coordinate only, no boundary polygon - computed area not meaningful (a point has zero area); rely on area_ha_wikidata (P2046) if present, else unknown"
Q106287986,Moepel Nature Reserve,nature reserve; protected area,point (Wikidata P625),,0.0,,"Wikidata (query.wikidata.org SPARQL, bbox query)",2026-08-25,"Wikidata point coordinate only, no boundary polygon - computed area not meaningful (a point has zero area); rely on area_ha_wikidata (P2046) if present, else unknown"
Q6895382,Mokolo Dam Nature Reserve,nature reserve,point (Wikidata P625),,0.0,,"Wikidata (query.wikidata.org SPARQL, bbox query)",2026-08-25,"Wikidata point coordinate only, no boundary polygon - computed area not meaningful (a point has zero area); rely on area_ha_wikidata (P2046) if present, else unknown"
Q31982501,Palala Private Nature Reserve,nature reserve,point (Wikidata P625),,0.0,,"Wikidata (query.wikidata.org SPARQL, bbox query)",2026-08-25,"Wikidata point coordinate only, no boundary polygon - computed area not meaningful (a point has zero area); rely on area_ha_wikidata (P2046) if present, else unknown"
Q5203206,D'nyala Nature Reserve,nature reserve,point (Wikidata P625),,0.0,,"Wikidata (query.wikidata.org SPARQL, bbox query)",2026-08-25,"Wikidata point coordinate only, no boundary polygon - computed area not meaningful (a point has zero area); rely on area_ha_wikidata (P2046) if present, else unknown"
Q32033825,Tierkop Private Nature Reserve,nature reserve,point (Wikidata P625),,0.0,,"Wikidata (query.wikidata.org SPARQL, bbox query)",2026-08-25,"Wikidata point coordinate only, no boundary polygon - computed area not meaningful (a point has zero area); rely on area_ha_wikidata (P2046) if present, else unknown"
Q32041751,Wentzel Private Nature Reserve,nature reserve,point (Wikidata P625),,0.0,,"Wikidata (query.wikidata.org SPARQL, bbox query)",2026-08-25,"Wikidata point coordinate only, no boundary polygon - computed area not meaningful (a point has zero area); rely on area_ha_wikidata (P2046) if present, else unknown"
Q31980602,Ons Toekoms Private Nature Reserve,nature reserve,point (Wikidata P625),,0.0,,"Wikidata (query.wikidata.org SPARQL, bbox query)",2026-08-25,"Wikidata point coordinate only, no boundary polygon - computed area not meaningful (a point has zero area); rely on area_ha_wikidata (P2046) if present, else unknown"
Q6366432,Kapama Game Reserve,protected area,point (Wikidata P625),,0.0,,"Wikidata (query.wikidata.org SPARQL, bbox query)",2026-08-25,"Wikidata point coordinate only, no boundary polygon - computed area not meaningful (a point has zero area); rely on area_ha_wikidata (P2046) if present, else unknown"
Q31986976,Philip Wulfsohn Private Nature Reserve,nature reserve,point (Wikidata P625),,0.0,,"Wikidata (query.wikidata.org SPARQL, bbox query)",2026-08-25,"Wikidata point coordinate only, no boundary polygon - computed area not meaningful (a point has zero area); rely on area_ha_wikidata (P2046) if present, else unknown"
Q7796600,Thornybush Game Reserve,game reserve,point (Wikidata P625),28417,0.0,,"Wikidata (query.wikidata.org SPARQL, bbox query)",2026-08-25,"Wikidata point coordinate only, no boundary polygon - computed area not meaningful (a point has zero area); rely on area_ha_wikidata (P2046) if present, else unknown"
Q31919879,Hillmof Privaat Natuurreservaat,nature reserve,point (Wikidata P625),,0.0,,"Wikidata (query.wikidata.org SPARQL, bbox query)",2026-08-25,"Wikidata point coordinate only, no boundary polygon - computed area not meaningful (a point has zero area); rely on area_ha_wikidata (P2046) if present, else unknown"
Q6533169,Letaba Ranch Provincial Park,state park,point (Wikidata P625),42000,0.0,,"Wikidata (query.wikidata.org SPARQL, bbox query)",2026-08-25,"Wikidata point coordinate only, no boundary polygon - computed area not meaningful (a point has zero area); rely on area_ha_wikidata (P2046) if present, else unknown"
Q22695549,Vhembe Biosphere Reserve,biosphere reserve,point (Wikidata P625),,0.0,,"Wikidata (query.wikidata.org SPARQL, bbox query)",2026-08-25,"Wikidata point coordinate only, no boundary polygon - computed area not meaningful (a point has zero area); rely on area_ha_wikidata (P2046) if present, else unknown"
Q5600596,Greater Kruger National Park,national park,point (Wikidata P625),,0.0,,"Wikidata (query.wikidata.org SPARQL, bbox query)",2026-08-25,"Wikidata point coordinate only, no boundary polygon - computed area not meaningful (a point has zero area); rely on area_ha_wikidata (P2046) if present, else unknown"
Q4853071,Balule Nature Reserve,protected area,point (Wikidata P625),,0.0,,"Wikidata (query.wikidata.org SPARQL, bbox query)",2026-08-25,"Wikidata point coordinate only, no boundary polygon - computed area not meaningful (a point has zero area); rely on area_ha_wikidata (P2046) if present, else unknown"
Q31919250,Hans Merensky Natuurreservaat,nature reserve,point (Wikidata P625),,0.0,,"Wikidata (query.wikidata.org SPARQL, bbox query)",2026-08-25,"Wikidata point coordinate only, no boundary polygon - computed area not meaningful (a point has zero area); rely on area_ha_wikidata (P2046) if present, else unknown"
Q7447510,Selati Game Reserve,game reserve,point (Wikidata P625),,0.0,,"Wikidata (query.wikidata.org SPARQL, bbox query)",2026-08-25,"Wikidata point coordinate only, no boundary polygon - computed area not meaningful (a point has zero area); rely on area_ha_wikidata (P2046) if present, else unknown"
Q15274733,SanWild Wildlife Sanctuary,protected area,point (Wikidata P625),,0.0,,"Wikidata (query.wikidata.org SPARQL, bbox query)",2026-08-25,"Wikidata point coordinate only, no boundary polygon - computed area not meaningful (a point has zero area); rely on area_ha_wikidata (P2046) if present, else unknown"
Q8030296,Wolkberg Wilderness Area,protected area,point (Wikidata P625),,0.0,,"Wikidata (query.wikidata.org SPARQL, bbox query)",2026-08-25,"Wikidata point coordinate only, no boundary polygon - computed area not meaningful (a point has zero area); rely on area_ha_wikidata (P2046) if present, else unknown"
Q31947548,Makalali Reserve,game reserve,point (Wikidata P625),,0.0,,"Wikidata (query.wikidata.org SPARQL, bbox query)",2026-08-25,"Wikidata point coordinate only, no boundary polygon - computed area not meaningful (a point has zero area); rely on area_ha_wikidata (P2046) if present, else unknown"
Q137163880,Karongwe Private Game Reserve,game reserve,point (Wikidata P625),,0.0,,"Wikidata (query.wikidata.org SPARQL, bbox query)",2026-08-25,"Wikidata point coordinate only, no boundary polygon - computed area not meaningful (a point has zero area); rely on area_ha_wikidata (P2046) if present, else unknown"
Q108333306,Potlake Nature Reserve,nature reserve,point (Wikidata P625),,0.0,,"Wikidata (query.wikidata.org SPARQL, bbox query)",2026-08-25,"Wikidata point coordinate only, no boundary polygon - computed area not meaningful (a point has zero area); rely on area_ha_wikidata (P2046) if present, else unknown"
Q108200013,Kleinfontein,game reserve; protected area,point (Wikidata P625),,0.0,,"Wikidata (query.wikidata.org SPARQL, bbox query)",2026-08-25,"Wikidata point coordinate only, no boundary polygon - computed area not meaningful (a point has zero area); rely on area_ha_wikidata (P2046) if present, else unknown"
Q108200149,Voortrekkerbad,business; protected area,point (Wikidata P625),,0.0,,"Wikidata (query.wikidata.org SPARQL, bbox query)",2026-08-25,"Wikidata point coordinate only, no boundary polygon - computed area not meaningful (a point has zero area); rely on area_ha_wikidata (P2046) if present, else unknown"
Q31879873,Berghoek Natuurreserwe,nature reserve,point (Wikidata P625),,0.0,,"Wikidata (query.wikidata.org SPARQL, bbox query)",2026-08-25,"Wikidata point coordinate only, no boundary polygon - computed area not meaningful (a point has zero area); rely on area_ha_wikidata (P2046) if present, else unknown"
Q134002474,York Private Nature Reserve,nature reserve,point (Wikidata P625),,0.0,,"Wikidata (query.wikidata.org SPARQL, bbox query)",2026-08-25,"Wikidata point coordinate only, no boundary polygon - computed area not meaningful (a point has zero area); rely on area_ha_wikidata (P2046) if present, else unknown"
Q7849640,Tshukudu Private Game Reserve,game reserve,point (Wikidata P625),,0.0,,"Wikidata (query.wikidata.org SPARQL, bbox query)",2026-08-25,"Wikidata point coordinate only, no boundary polygon - computed area not meaningful (a point has zero area); rely on area_ha_wikidata (P2046) if present, else unknown"
Q136142285,Wild Rivers Private Nature Reserve,nature reserve,point (Wikidata P625),,0.0,,"Wikidata (query.wikidata.org SPARQL, bbox query)",2026-08-25,"Wikidata point coordinate only, no boundary polygon - computed area not meaningful (a point has zero area); rely on area_ha_wikidata (P2046) if present, else unknown"
Q126364889,Abelana Game Reserve,game reserve,point (Wikidata P625),15000,0.0,,"Wikidata (query.wikidata.org SPARQL, bbox query)",2026-08-25,"Wikidata point coordinate only, no boundary polygon - computed area not meaningful (a point has zero area); rely on area_ha_wikidata (P2046) if present, else unknown"
Q6487247,Lanner Gorge,protected area,point (Wikidata P625),,0.0,,"Wikidata (query.wikidata.org SPARQL, bbox query)",2026-08-25,"Wikidata point coordinate only, no boundary polygon - computed area not meaningful (a point has zero area); rely on area_ha_wikidata (P2046) if present, else unknown"
Q31942765,Letoloprivaat Natuurreserwe,nature reserve,point (Wikidata P625),,0.0,,"Wikidata (query.wikidata.org SPARQL, bbox query)",2026-08-25,"Wikidata point coordinate only, no boundary polygon - computed area not meaningful (a point has zero area); rely on area_ha_wikidata (P2046) if present, else unknown"
Q6740450,Makuleke,protected area,point (Wikidata P625),,0.0,,"Wikidata (query.wikidata.org SPARQL, bbox query)",2026-08-25,"Wikidata point coordinate only, no boundary polygon - computed area not meaningful (a point has zero area); rely on area_ha_wikidata (P2046) if present, else unknown"
Q112292123,Sondela Nature Reserve,nature reserve,point (Wikidata P625),4800,0.0,,"Wikidata (query.wikidata.org SPARQL, bbox query)",2026-08-25,"Wikidata point coordinate only, no boundary polygon - computed area not meaningful (a point has zero area); rely on area_ha_wikidata (P2046) if present, else unknown"
Q32010942,Rust de Winter Natuurreservaat,nature reserve,point (Wikidata P625),,0.0,,"Wikidata (query.wikidata.org SPARQL, bbox query)",2026-08-25,"Wikidata point coordinate only, no boundary polygon - computed area not meaningful (a point has zero area); rely on area_ha_wikidata (P2046) if present, else unknown"
Q7382398,Rust De Winter Nature Reserve,protected area,point (Wikidata P625),,0.0,,"Wikidata (query.wikidata.org SPARQL, bbox query)",2026-08-25,"Wikidata point coordinate only, no boundary polygon - computed area not meaningful (a point has zero area); rely on area_ha_wikidata (P2046) if present, else unknown"
Q125255920,Uitvlucht,conservation area,point (Wikidata P625),,0.0,,"Wikidata (query.wikidata.org SPARQL, bbox query)",2026-08-25,"Wikidata point coordinate only, no boundary polygon - computed area not meaningful (a point has zero area); rely on area_ha_wikidata (P2046) if present, else unknown"
Q136465213,Matshakatini Nature Reserve,nature reserve,point (Wikidata P625),27600,0.0,,"Wikidata (query.wikidata.org SPARQL, bbox query)",2026-08-25,"Wikidata point coordinate only, no boundary polygon - computed area not meaningful (a point has zero area); rely on area_ha_wikidata (P2046) if present, else unknown"
Q109815425,Musina Nature Reserve,nature reserve,point (Wikidata P625),,0.0,,"Wikidata (query.wikidata.org SPARQL, bbox query)",2026-08-25,"Wikidata point coordinate only, no boundary polygon - computed area not meaningful (a point has zero area); rely on area_ha_wikidata (P2046) if present, else unknown"
Q7070732,Nwanedi Provincial Park,state park,point (Wikidata P625),,0.0,,"Wikidata (query.wikidata.org SPARQL, bbox query)",2026-08-25,"Wikidata point coordinate only, no boundary polygon - computed area not meaningful (a point has zero area); rely on area_ha_wikidata (P2046) if present, else unknown"
Q136101924,Muthavatsindi Nature Reserve,nature reserve,point (Wikidata P625),,0.0,,"Wikidata (query.wikidata.org SPARQL, bbox query)",2026-08-25,"Wikidata point coordinate only, no boundary polygon - computed area not meaningful (a point has zero area); rely on area_ha_wikidata (P2046) if present, else unknown"
Q108203982,Morning Sun Nature Reserve,nature reserve,point (Wikidata P625),4000,0.0,,"Wikidata (query.wikidata.org SPARQL, bbox query)",2026-08-25,"Wikidata point coordinate only, no boundary polygon - computed area not meaningful (a point has zero area); rely on area_ha_wikidata (P2046) if present, else unknown"
Q7571510,Soutpansberg Conservancy,protected area,point (Wikidata P625),,0.0,,"Wikidata (query.wikidata.org SPARQL, bbox query)",2026-08-25,"Wikidata point coordinate only, no boundary polygon - computed area not meaningful (a point has zero area); rely on area_ha_wikidata (P2046) if present, else unknown"
Q125912968,Medike Mountain Sanctuary,nature reserve,point (Wikidata P625),,0.0,,"Wikidata (query.wikidata.org SPARQL, bbox query)",2026-08-25,"Wikidata point coordinate only, no boundary polygon - computed area not meaningful (a point has zero area); rely on area_ha_wikidata (P2046) if present, else unknown"
Q125509402,Ratombo Nature Reserve,nature reserve,point (Wikidata P625),,0.0,,"Wikidata (query.wikidata.org SPARQL, bbox query)",2026-08-25,"Wikidata point coordinate only, no boundary polygon - computed area not meaningful (a point has zero area); rely on area_ha_wikidata (P2046) if present, else unknown"
Q4886042,Ben Lavin Nature Reserve,protected area,point (Wikidata P625),,0.0,,"Wikidata (query.wikidata.org SPARQL, bbox query)",2026-08-25,"Wikidata point coordinate only, no boundary polygon - computed area not meaningful (a point has zero area); rely on area_ha_wikidata (P2046) if present, else unknown"
Q130342004,Manombe Nature Reserve,nature reserve,point (Wikidata P625),,0.0,,"Wikidata (query.wikidata.org SPARQL, bbox query)",2026-08-25,"Wikidata point coordinate only, no boundary polygon - computed area not meaningful (a point has zero area); rely on area_ha_wikidata (P2046) if present, else unknown"
Q4243086,Kruger to Canyons Biosphere Reserve,biosphere reserve,point (Wikidata P625),,0.0,,"Wikidata (query.wikidata.org SPARQL, bbox query)",2026-08-25,"Wikidata point coordinate only, no boundary polygon - computed area not meaningful (a point has zero area); rely on area_ha_wikidata (P2046) if present, else unknown"
Q3936787,Modjadji Nature Reserve,protected area,point (Wikidata P625),3.06,0.0,,"Wikidata (query.wikidata.org SPARQL, bbox query)",2026-08-25,"Wikidata point coordinate only, no boundary polygon - computed area not meaningful (a point has zero area); rely on area_ha_wikidata (P2046) if present, else unknown"
Q5650474,Hans Merensky Wilderness,protected area,point (Wikidata P625),,0.0,,"Wikidata (query.wikidata.org SPARQL, bbox query)",2026-08-25,"Wikidata point coordinate only, no boundary polygon - computed area not meaningful (a point has zero area); rely on area_ha_wikidata (P2046) if present, else unknown"
Q32023789,Sporting Chance Nature Reserve,nature reserve,point (Wikidata P625),,0.0,,"Wikidata (query.wikidata.org SPARQL, bbox query)",2026-08-25,"Wikidata point coordinate only, no boundary polygon - computed area not meaningful (a point has zero area); rely on area_ha_wikidata (P2046) if present, else unknown"
