lsoa_code,lsoa_name,population_2021
E01000917,Camden 027C,1653
E01004736,Westminster 018C,1466
E01003929,Southwark 002B,1999
E01035686,Tower Hamlets 021G,1512
E01002725,Islington 022E,1362
E01001780,Hackney 032D,1816
E01003939,Southwark 002E,1975
E01004295,Tower Hamlets 026C,2003
E01035669,Tower Hamlets 009F,1384
E01033708,Hackney 033C,1869
E01032767,Tower Hamlets 021F,1564
E01002704,Islington 023D,2356
E01004319,Tower Hamlets 021A,2506
E01004310,Tower Hamlets 015E,2021
E01035649,Hackney 026H,1465
E01000003,City of London 001C,1613
E01004733,Westminster 020C,2102
E01004307,Tower Hamlets 015B,2336
E01032637,Southwark 035E,1048
E01033490,Islington 022H,1399
E01000914,Camden 028B,1419
E01035712,Camden 029E,2457
E01001784,Hackney 032A,1772
E01033711,Hackney 032C,1912
E01000855,Camden 028A,1310
E01032640,Southwark 035B,1035
E01004313,Tower Hamlets 009B,2125
E01002701,Islington 023A,1470
E01035689,Tower Hamlets 021J,1622
E01000920,Camden 027D,1623
E01004308,Tower Hamlets 015C,1441
E01000915,Camden 027A,1530
E01004734,Westminster 018A,1691
E01035655,Islington 020F,1729
E01032638,Southwark 035D,1102
E01032583,Southwark 034D,2050
E01003934,Southwark 002C,1954
E01002723,Islington 022C,1640
E01004292,Tower Hamlets 026A,1672
E01002702,Islington 023B,2468
E01004315,Tower Hamlets 006C,1580
E01033884,Southwark 035A,1102
E01000001,City of London 001A,1475
E01003017,Lambeth 036D,1631
E01000918,Camden 028C,1792
E01004208,Tower Hamlets 013C,1978
E01032739,City of London 001F,1619
E01033867,Southwark 002F,1547
E01004321,Tower Hamlets 021C,2146
E01033709,Hackney 032B,1831
E01035687,Tower Hamlets 021H,1749
E01003981,Southwark 006F,1508
E01000005,City of London 001E,1100
E01004311,Tower Hamlets 006A,1845
E01004306,Tower Hamlets 015A,1842
E01033489,Islington 022G,1460
E01000937,Camden 029G,1119
E01004312,Tower Hamlets 009A,1525
E01035696,Tower Hamlets 026E,1185
E01035647,Hackney 026F,1116
E01000916,Camden 027B,1853
E01001777,Hackney 033A,2633
E01035656,Islington 020G,1485
E01002726,Islington 022F,1709
E01032803,Southwark 036C,1506
E01004296,Tower Hamlets 026D,2430
E01002706,Islington 023E,2038
E01033885,Southwark 036A,1330
E01002802,Islington 020D,1852
E01032646,Southwark 036B,1515
E01004309,Tower Hamlets 015D,2793
E01000002,City of London 001B,1384
E01003016,Lambeth 036C,1203
E01001783,Hackney 026D,1606
E01032740,City of London 001G,1392
E01033868,Southwark 002G,1411
E01002707,Islington 022B,1821
E01004322,Tower Hamlets 017A,1401
E01000853,Camden 029H,1405
E01035688,Tower Hamlets 021I,1669
E01004304,Tower Hamlets 022C,2136
E01000919,Camden 028D,1440
E01004735,Westminster 018B,2027
E01003013,Lambeth 036A,1947
E01032582,Lambeth 036E,2283
E01003935,Southwark 002D,1284
E01002724,Islington 022D,1923
E01035668,Tower Hamlets 009E,2073
E01004293,Tower Hamlets 027B,1987
E01003938,Southwark 006A,1829
E01033706,Hackney 033B,1447
E01002727,Islington 021C,1514
E01002703,Islington 023C,2341
E01004301,Tower Hamlets 025B,1420
E01004316,Tower Hamlets 009C,1039
E01035697,Tower Hamlets 026F,1675
E01032834,Southwark 035C,1025
E01035648,Hackney 026G,1539
E01003976,Southwark 036D,2395
